state,lgc,population,land_size_klm2,senatorial_district,Male,Female,lgc_value,lgc_faac_per_capita,lgc_rank,prev_month_lgc,current_month_lgc,,,
Abia,Aba North,106844,22.956,C,53016,53828,66711042.09,624.3779912,662,128513077.1,138235939.5,
Abia,Aba South,427421,49.551,C,220541,206880,111298683.2,260.395917,44,219484761.2,235421655.5,
Abia,Arochukwu,169339,529.308,A,85695,83644,78310877.62,462.450337,376,149563818.7,161085951.8,
Abia,Bende,192621,607.54,A,95675,96946,79790302.77,414.2347032,339,154106090.9,165728030.3,
Abia,Ikwuano,137897,284.076,B,70509,67388,72624802.53,526.6597716,531,139048752.2,149702611.3,
Abia,Isiala-Ngwa North,154083,285.438,B,76261,77822,75002648.98,486.7678393,470,143749226.9,154745021.1,
Abia,Isiala-Ngwa South,136650,260.396,B,67205,69445,72772658.63,532.5478129,524,138778710.8,149493086.6,
Abia,Isiukwuato,115794,397.647,A,56660,59134,70957879.97,612.7940996,574,134081769.1,144612634.3,
Abia,Obi Ngwa,181894,398.508,C,89593,92301,76553447.7,420.8684602,433,146805185.9,158024657.4,
Abia,Ohafia,245987,442.709,A,124416,121571,77686259.48,315.8144921,390,150381844.8,161670856.4,
Abia,Osisioma Ngwa,220662,199.387,B,110790,109872,84956138.75,385.0057497,240,166833800,179022948.8,
Abia,Ugwunagbo,85371,108.689,C,42801,42570,81797659.09,958.143387,301,159975300.4,171753183.3,
Abia,Ukwa East,58139,282.168,C,29410,28729,62462496.75,1074.364828,722,120549398.5,129630968.9,
Abia,Ukwa West,87367,272.702,C,44149,43218,59018527.65,675.5242557,749,113613949.5,122209175.7,
Abia,Umuahia North,223134,246.956,B,112595,110539,61455574.66,275.4200376,733,120242333.8,129061592,
Abia,Umuahia South,139058,141.711,B,68950,70108,91610443.84,658.7930492,148,170833415.8,184618521.5,
Abia,Umu-Nneochi,163119,372.496,A,82032,81087,79156797.55,485.2702478,358,146262251.3,158253242.1,
Abuja,Abaji,58642,1015.927,A,28860,29782,66295616.57,1130.514249,666,541584475.6,541585520.4,
Abuja,Abuja Municipal (Amac),776298,1813.333,A,415951,360347,169237017.5,218.0052216,2,751903615.5,767357419.5,
Abuja,Bwari,229274,938.744,A,115346,113928,95326583.92,415.7758137,118,596314162.5,601321003.2,
Abuja,Gwagwalada,158618,1069.589,A,80182,78436,81696146.22,515.0496553,304,571926155,574710286.4,
Abuja,Kuje,97233,1682.061,A,49420,47813,77625230.32,798.3424385,396,559344510.8,561824770.3,
Abuja,Kwali,86174,1234.199,A,43413,42761,79848257.89,926.5933796,337,560269022.3,563555918.7,
Adamawa,Demsa,178407,1868.82,B,89511,88896,81177878.82,455.0150993,308,157146176.4,170250986.5,
Adamawa,Fufore,209460,5078.136,C,105626,103834,99170743.69,473.4591029,94,180705823.2,197311230.5,
Adamawa,Ganye,169948,1922.898,B,85798,84150,84443916.66,496.8809086,249,158608068,172544787.4,
Adamawa,Girei,129855,1899.139,C,66906,62949,73931865.75,569.3416946,499,142399746.8,154461907.8,
Adamawa,Gombi,147787,1126.136,C,74399,73388,73158230.49,495.0248025,515,143737196.7,155484761.2,
Adamawa,Guyuk,176505,777.534,B,89440,87065,78216690.56,443.1415006,379,153533772,166043973.5,
Adamawa,Hong,169183,2697.61,C,83736,85447,85196729.3,503.5773647,237,160115778.2,174162521.5,
Adamawa,Jada,168445,2847.963,B,82882,85563,89122885.9,529.0919048,186,164381404.6,179253099.8,
Adamawa,Lamurde,111254,1200.469,B,56495,54759,69380237.52,623.6201622,603,155458995.2,167626396.4,
Adamawa,Madagali,135142,844.75,A,67134,68008,70505834.7,521.7166736,585,135057035.2,146330191.9,
Adamawa,Maiha,110175,1303.601,A,55622,54553,69029751.09,626.5464133,615,139246807.4,150549357.7,
Adamawa,Mayo-Belwa,152803,1806.453,B,75399,77404,80041480.44,523.8213938,332,134456341.7,145671206.4,
Adamawa,Michika,155238,994.208,A,75036,80202,77595474.97,499.8484583,398,152263466.3,165384167.3,
Adamawa,Mubi North,151515,926.553,A,78059,73456,74044753.3,488.6958605,497,149841886.8,162432171.6,
Adamawa,Mubi South,129956,424.703,A,66553,63403,68981941.6,530.8099788,619,145340253.2,157229421.6,
Adamawa,Numan,91549,927.571,B,47512,44037,65557472.08,716.0916239,675,136770544,147810184.5,
Adamawa,Shelleng,148490,1396.012,B,75143,73347,74265823.35,500.140234,487,127869486.9,138551234.4,
Adamawa,Song,195188,4362.483,C,97228,97960,93479721.76,478.9214591,129,145317799.3,157271752.8,
Adamawa,Toungo,52179,5569.413,B,26598,25581,80091636.64,1534.940046,329,172447449.8,188001950.9,
Adamawa,Yola North,199674,733.603,C,108379,91295,77487915,388.0721326,400,138816158.3,152889947.1,
Adamawa,Yola South,196197,115.252,C,99814,96383,77614838.49,395.5964591,397,155113501.4,167341316.6,
Akwa Ibom,Abak,139069,191.506,B,70305,68764,74528593.29,535.9109024,476,144531261.9,152961192,
Akwa Ibom,Eastern Obolo,59970,121.276,C,30229,29741,58191812.32,970.348713,754,116190895.3,121995577.6,
Akwa Ibom,Eket,172856,168.656,C,89006,83850,76829677.8,444.4721491,424,151515613.5,160106412,
Akwa Ibom,Esit-Eket,63358,169.155,C,32189,31169,58898674.59,929.6170111,751,118840155.6,124659087.4,
Akwa Ibom,Essien Udim,193257,297.465,B,97888,95369,79150147.18,409.5590182,359,156737122.5,165617314.4,
Akwa Ibom,Etim Ekpo,105922,207.487,B,53514,52408,68988269.29,651.3119965,618,133980548.3,141585765,
Akwa Ibom,Etinan,168924,176.181,A,85760,83164,78244712.71,463.1947663,378,152624397.9,161536546.4,
Akwa Ibom,Ibeno,74840,244.951,C,40006,34834,62693502.38,837.7004594,719,123090989.9,129682547.7,
Akwa Ibom,Ibesikpo Asutan,137127,155.691,A,69681,67446,72757978.75,530.5882777,526,142331125.6,150415690.6,
Akwa Ibom,Ibiono Ibom,188605,339.856,A,96106,92499,79157312.56,419.6989081,357,156340487.2,165250387.1,
Akwa Ibom,Ika,72772,113.644,B,36996,35776,60921659.67,837.1579683,738,120829136.1,127079291.1,
Akwa Ibom,Ikono,131673,261.2,B,66080,65593,72059376.16,547.2600773,542,140873691.7,148863134.4,
Akwa Ibom,Ikot Abasi,132608,361.968,C,67806,64802,72079692.8,543.5546332,540,140911783.7,148904292.4,
Akwa Ibom,Ikot Ekpene,141408,116.844,B,71738,69670,74339480.49,525.7091571,484,144857211.4,153211095.7,
Akwa Ibom,Ini,99084,375.808,B,50108,48976,67916400.62,685.442661,637,131978394.6,139421330.1,
Akwa Ibom,Itu,127856,176.153,A,65410,62446,69346066.37,542.3763169,605,137258667.1,144735867.5,
Akwa Ibom,Mbo,102173,216.691,C,52351,49822,64730430.84,633.5375377,686,129140909.3,135884128.8,
Akwa Ibom,Mkpat Enin,177293,331.846,C,89283,88010,80421384.96,453.6072206,326,156171530.5,165449437.6,
Akwa Ibom,Nsit Atai,73395,135.328,A,37186,36209,67105691.38,914.3087592,655,132350271.4,139538790.6,
Akwa Ibom,Nsit Ibom,108095,142.962,A,55197,52898,70606376.03,653.1881773,583,138795620.5,146520679.7,
Akwa Ibom,Nsit Ubium,127083,207.28,A,64674,62409,73440886.22,577.8970139,509,144570588.4,152691260,
Akwa Ibom,Obot Akara,147286,239.565,B,74392,72894,63124363.88,428.5835984,710,127392237.4,133804944.5,
Akwa Ibom,Okobo,102753,301.787,C,52395,50358,65914115.63,641.4811794,672,133020261.5,139826226.2,
Akwa Ibom,Onna,123193,163.222,C,61413,61780,67514592.44,548.0391941,645,129971908.5,137441686.5,
Akwa Ibom,Oron,87209,54.059,C,44545,42664,79547146.14,912.1437712,345,154497496.8,163645908.4,
Akwa Ibom,Oruk Anam,171839,527.4,B,86863,84976,59255202.79,344.8297697,748,116382266.6,122473250.3,
Akwa Ibom,Udung Uko,53060,60.927,C,27613,25447,72706617.72,1370.271725,529,140930183.6,149098073.7,
Akwa Ibom,Ukanafun,125473,248.246,B,63308,62165,59276304.29,472.4227865,747,117797568,123795697,
Akwa Ibom,Uruan,117169,349.371,A,59254,57915,77305816.84,659.780461,404,144788458.7,153983048.8,
Akwa Ibom,Urue-Offong/Oruko,70740,127.54,C,36208,34532,63966757.75,904.2515939,699,123918246.6,130810854.5,
Akwa Ibom,Uyo,305961,188.024,A,155698,150263,96688873.59,316.0169878,105,191514306.9,202909103.2,
Anambra,Aguata,369972,197.174,C,187262,182710,108753490.3,293.950597,48,213477069.2,231705304.1,
Anambra,Anambra East,152149,253.661,A,77539,74610,71522484.82,470.0818594,558,143235371.7,155720465.7,
Anambra,Anambra West,167303,965.656,A,85833,81470,73576410.89,439.7793876,506,147393915.3,160176049.7,
Anambra,Anaocha,284215,105.52,B,142961,141254,88931446.33,312.9020155,187,180124227.1,195012443.5,
Anambra,Awka North,112192,356.03,B,57219,54973,67540540.23,602.0085232,644,133381114.8,145415441,
Anambra,Awka South,189654,172.209,B,96902,92752,77754222.54,409.9793442,388,154915388.4,168367150.7,
Anambra,Ayamelum,158152,596.194,A,81065,77087,72060623.91,455.6415594,541,144510420.7,157060391.9,
Anambra,Dunukofia,96517,66.319,B,49476,47041,64431151.56,667.5627253,690,127766418.1,139303534.4,
Anambra,Ekwusigo,158429,117.67,C,80053,78376,71562871.64,451.7031076,556,143934663,156382489.1,
Anambra,Idemili North,431005,138.534,B,219223,211782,113215042.7,262.6768661,37,226519587.7,245113170.2,
Anambra,Idemili South,206816,116.739,B,105830,100986,78684591.38,380.4569829,367,158435897.2,171907946,
Anambra,Ihiala,302277,254.315,C,152200,150077,96199812.98,318.2505218,109,190474122.9,206718298.9,
Anambra,Njikoka,148394,96.215,B,73869,74525,70682308.18,476.3151352,580,141653911.2,154009146.9,
Anambra,Nnewi North,155443,60.477,C,77517,77926,70081929.15,450.8529117,594,142204345.6,154349470.4,
Anambra,Nnewi South,233362,175.759,C,118532,114830,84113660.9,360.4428352,252,167924595.2,182286753.8,
Anambra,Ogbaru,223317,457.996,A,115678,107639,80372983.18,359.9053506,327,162204007.1,175895823.3,
Anambra,Onitsha North,125918,42.599,A,61588,64330,67330359.65,534.7159235,652,134795600,146671078.6,
Anambra,Onitsha South,137191,10.12,A,71348,65843,69766515.44,508.5356579,601,139062010.2,151336302.4,
Anambra,Orumba North,172773,300.571,C,84996,87777,75341912.92,436.0745772,459,150017695,163121532.2,
Anambra,Orumba South,184548,194.437,C,93199,91349,76244110.87,413.1397299,438,152993911.6,166147976,
Anambra,Oyi,168201,138.019,A,85694,82507,73205574.15,435.2267475,514,147064657.2,159763731.7,
Bauchi,Alkaleri,328284,6092.833,A,166936,161348,123432512.3,375.99308,16,236102792.7,244382627.9,
Bauchi,Bauchi,493730,3806.624,A,252420,241310,149057758.7,301.9013604,3,286470767.7,298562305.1,
Bauchi,Bogoro,83809,919.936,A,41776,42033,65189884.06,777.8387054,678,138776691.3,137195598.4,
Bauchi,Damban,150212,1121.467,B,75978,74234,77043791.82,512.9003796,414,160829235.3,161098440.6,
Bauchi,Darazo,249946,3128.715,B,126741,123205,97733222.81,391.017351,102,197214804.9,200860356.4,
Bauchi,Dass,90114,551.783,A,46695,43419,64717450.89,718.1731017,687,139018029,137284990.6,
Bauchi,Gamawa,284411,3055.895,C,145510,138901,103248403.9,363.0253537,65,207976566.1,212447980.6,
Bauchi,Ganjuwa,278471,5239.237,B,140402,138069,104226254.6,374.2804623,61,204262692.5,209272997.5,
Bauchi,Giade,156022,694.577,C,79628,76394,73311633.95,469.8801063,512,157499192.3,156933609.7,
Bauchi,Itas/Gadau,228527,1459.507,C,114808,113719,83963216.66,367.4104883,254,179062933.8,180037953.1,
Bauchi,Jama'Are,117482,513.701,C,60941,56541,64968082.2,553.0045641,682,143027971.1,141086673.1,
Bauchi,Katagum,293020,1496.563,C,152552,140468,100609845.3,343.3548742,83,206331160.5,210162911.8,
Bauchi,Kirfi,145636,2448.541,A,75337,70299,82746796.26,568.1754254,280,166710710.9,168200178.1,
Bauchi,Misau,261410,1275.189,B,135704,125706,96622239.5,369.619523,106,197571281.2,200874248.4,
Bauchi,Ningi,385997,4802.044,B,196528,189469,123819262.8,320.7777854,14,244247908.4,252069736,
Bauchi,Shira,233999,1374.843,C,118888,115111,92824842.44,396.6890561,135,189424341.8,192210128.5,
Bauchi,Tafawa-Balewa,221310,2590.058,A,110372,110938,91300350.04,412.5450727,154,185860651.6,188459269.5,
Bauchi,Toro,346000,7168.231,A,172921,173079,128396569.6,371.0883513,10,244408736.3,253528272.5,
Bauchi,Warji,114983,649.561,B,58054,56929,71460136.55,621.4843633,563,149803084.5,149245302.6,
Bauchi,Zaki,189703,1544.568,C,97075,92628,79961801.26,421.510473,335,169478816.8,169978642.1,
Bayelsa,Brass,184127,1410.76,A,94359,89768,90802562.9,493.1518077,161,199216349.2,187855463.5,
Bayelsa,Ekeremor,269588,1820.23,C,137753,131835,104241813,386.6708199,60,225280804.7,215887529.2,
Bayelsa,Kolokuma/Opokuma,79266,363.334,B,39952,39314,69373037.27,875.1928604,604,161410274.1,146649810.7,
Bayelsa,Nembe,130966,763.877,A,66768,64198,85540089.05,653.1472982,231,186238131.5,174300291.9,
Bayelsa,Ogbia,179606,699.013,A,92015,87591,89895175.85,500.5132114,173,197540695.7,186041086.5,
Bayelsa,Sagbama,186869,951.65,C,95667,91202,88380912.68,472.956524,195,196850719.8,184972561.6,
Bayelsa,Southern Ijaw,321808,2695.86,B,165329,156479,122104276.3,379.4320723,18,251362142.3,245181748.9,
Bayelsa,Yenegoa,352285,711.024,B,182240,170045,112706811.4,319.9307701,39,245627409.7,237199170.7,
Benue,Ado,184389,1238.188,C,92367,92022,89806870.24,487.0511269,174,157444630.1,171421678.1,
Benue,Agatu,115597,1034.298,C,58478,57119,79240974.51,685.4933477,354,137437881.6,149834140.3,
Benue,Apa,96780,1013.459,C,48658,48122,76728822.22,792.8169273,428,132187678.9,144242531.5,
Benue,Buruku,206215,1267.052,B,103655,102560,90961015.81,441.0979599,158,162023430.9,176006072.2,
Benue,Gboko,361325,1866.328,B,180669,180656,118053236.3,326.7231338,29,212355372.4,230458904.8,
Benue,Guma,194164,2938.691,B,97318,96846,96450973.7,496.7500345,107,166402206.1,181626225.4,
Benue,Gwer East,168660,2334.054,B,85287,83373,91492752.11,542.4685883,150,157251505.4,171717112.7,
Benue,Gwer West,122313,1114.241,B,61764,60549,78624525.43,642.8141361,369,137648920.5,149856733,
Benue,Katsina-Ala,225471,2441.891,A,114093,111378,99323054.35,440.5136552,92,173963906.5,189469395.2,
Benue,Konshisha,226492,1699.9,A,114192,112300,93970869.12,414.8970786,124,168243892.4,182640457.8,
Benue,Kwande,248642,2933.664,A,125442,123200,107590373.6,432.7119858,54,186199217.2,203180279.5,
Benue,Logo,169570,1433.532,A,86069,83501,82623069.72,487.2505144,284,148284515.6,160876646.2,
Benue,Makurdi,300377,835.624,B,154138,146239,99249726.7,330.4171981,93,183591990,198404686.9,
Benue,Obi,98707,429.192,C,49143,49564,73316170.25,742.7656625,511,128738411.4,140072377.5,
Benue,Ogbadibo,130988,607.076,C,64847,66141,77020188.2,587.99423,415,136772643.6,148589529.9,
Benue,Ohimini,70688,642.524,C,35876,34812,70251804.49,993.8292849,592,121734152.2,132693548.9,
Benue,Oju,168491,1301.755,C,84220,84271,88889993.74,527.5652334,189,155288026,169157251.2,
Benue,Okpokwu,175596,742.555,C,89193,86403,83298956.74,474.3784411,268,150035974.3,162696300.4,
Benue,Oturkpo,266411,1290.827,C,136612,129799,97558411.39,366.1951323,103,176971285.6,191769559.8,
Benue,Tarka,79280,377.679,B,39783,39497,67615564.3,852.8703872,642,119924169.3,130267033.4,
Benue,Ukum,216983,1541.565,A,108728,108255,92452339.04,426.081025,136,165417138.1,179583118.8,
Benue,Ushongo,191935,1247.527,A,96062,95873,90022518.82,469.0260704,171,158943714.9,172876882.4,
Benue,Vandeikya,234567,945.087,A,117449,117118,95349776.35,406.4927136,117,170344534.8,184983028.9,
Borno,Abadam,100065,4172.272,A,53749,46316,80074716.84,800.2270208,330,144400201.7,156491797.7,
Borno,Askira/Uba,143313,2431.83,C,72676,70637,77429325.91,540.2812439,402,146531253.9,157717601.8,
Borno,Bama,270119,5158.866,B,136524,133595,108629989.9,402.1560494,49,198740612,215204474.3,
Borno,Bayo,79078,985.784,C,39287,39791,62574158.83,791.2966796,720,122165639.3,130804916.2,
Borno,Biu,175760,3423.862,A,90609,85151,86607719.56,492.7612629,214,161780447.7,174526934.4,
Borno,Chibok,66333,1391.995,C,33952,32381,62391804.98,940.5847011,724,120243962.4,128965243.6,
Borno,Damboa,233200,6426.184,C,125873,107327,104588907.4,448.4944569,59,189129347.2,205108567.5,
Borno,Dikwa,105042,1836.891,B,55160,49882,69213334.09,658.911046,609,133123654.4,142896513.6,
Borno,Gubio,151286,2575.093,A,78893,72393,82201329.47,543.3505379,293,153783687,165828360.5,
Borno,Guzamala,95991,2631.444,A,50254,45737,70065294.07,729.9152428,595,132697597,142743827.1,
Borno,Gwoza,276568,2973.154,B,143407,133161,100949905.4,365.0093482,80,191070849.9,205873919.2,
Borno,Hawul,120733,2160.993,C,59611,61122,71494335.16,592.1689609,560,137576695.2,147690971.2,
Borno,Jere,209107,900.715,B,107714,101393,82487810.4,394.4765618,286,161905527.8,173465145.2,
Borno,Kaga,89996,2802.457,C,47150,42846,72914926.53,810.2018593,521,135104501.7,145797594.5,
Borno,Kala/Balge,60834,1962.132,B,31260,29574,67102115.79,1103.036391,656,124757175.3,134510363,
Borno,Konduga,157322,6065.892,B,80017,77305,98323381.39,624.981766,100,172163593.5,187535476.1,
Borno,Kukawa,203343,5124.413,A,109287,94056,101332239.5,498.3315851,75,181817528.8,197375897.6,
Borno,Kwaya Kusar,56704,754.692,C,29007,27697,56421840.57,995.0239943,763,112342200.1,119907913.5,
Borno,Mafa,103600,2976.987,B,53351,50249,76011193.83,733.6987821,444,140340927.5,151553884.8,
Borno,Magumeri,140257,5057.607,A,72510,67747,89951010.87,641.329922,172,160699642.7,174477633.8,
Borno,Maiduguri,540016,137.356,B,282409,257607,130990166.2,242.5671947,7,257125682.4,275907894.3,
Borno,Marte,129409,3280.02,A,67777,61632,81798000.83,632.0889647,300,150209812.2,162388638.1,
Borno,Mobbar,116633,2925.968,A,61426,55207,76171875.26,653.0902511,441,142273706.7,153397687.2,
Borno,Monguno,109834,1993.201,A,57146,52688,74350972.39,676.9394941,483,139346201,150153839,
Borno,Ngala,236498,1519.821,B,122127,114371,85032887.21,359.5501324,238,168182375.3,180031606.7,
Borno,Nganzai,99074,2572.345,A,50822,48252,73914755.05,746.0560293,501,137519884.5,148330274.5,
Borno,Shani,100989,1238.933,C,51360,49629,71687393.73,709.8534863,551,135386794.6,145709153.1,
Cross River,Abi,144317,284.901,B,73077,71240,75998158.54,526.6057259,445,141384056.8,153361415.5,
Cross River,Akamkpa,149705,5049.99,C,76921,72784,95528763.32,638.1133784,115,163566498,179498995.6,
Cross River,Akpabuyo,272262,813.684,C,141602,130660,91449156.81,335.8865975,151,175174397.3,189146934.4,
Cross River,Bakassi,31641,462.622,C,18175,13466,59004597.32,1864.814555,750,107801966.3,117334918.4,
Cross River,Bekwara,105497,310.003,A,52914,52583,70485215.81,668.1253098,587,130154244.6,141362013.2,
Cross River,Biase,168113,1323.39,C,85625,82488,81088012.62,482.3423092,313,150201575.9,162997699.4,
Cross River,Boki,186611,2805.71,B,95154,91457,92963130.67,498.1653315,133,165440702.7,180519374.7,
Cross River,Calabar South,191515,185.498,C,94584,96931,73641110.24,384.5187596,504,143429244.3,154599619.8,
Cross River,Calabar-Municipal,183681,142.736,C,93092,90589,78492346.49,427.3296993,372,150364069.8,162417397.5,
Cross River,Etung,80036,823.917,B,41089,38947,61462566.26,767.9365068,732,116873712.5,126466023.4,
Cross River,Ikom,163691,1984.36,B,82646,81045,83864805,512.3360783,255,152327009.2,165757251.2,
Cross River,Obanliku,109633,1070.63,A,55998,53635,72373634.24,660.1446119,535,132818758.4,144372671.2,
Cross River,Obubra,172543,1127.42,B,87153,85390,79766680.49,462.300299,341,149193562.1,161687706.1,
Cross River,Obudu,161457,459.458,A,81537,79920,75518021.42,467.7283823,452,142903715.2,154639686.4,
Cross River,Odukpani,192884,1366.23,C,100697,92187,85659728.85,444.099712,228,158303408.2,171822248.1,
Cross River,Ogoja,171574,985.598,A,86802,84772,80505450.25,469.217074,325,149928162.2,162579207.9,
Cross River,Yakurr,196271,676.86,B,99485,96786,80822820.98,411.7919661,318,153554021.6,166041383.4,
Cross River,Yala,211557,1763.59,A,105416,106141,89130480.2,421.3071664,185,164552959.7,178613572.9,
Delta,Aniocha North,104062,411.014,B,52448,51614,62414615.84,599.782974,723,126315791.6,139524145.3,
Delta,Aniocha South,142045,877.34,B,69224,72821,68029454.83,478.9288946,635,137244584.4,151272256.2,
Delta,Bomadi,86016,129.773,C,43435,42581,58153973.18,676.0832075,755,119247603.7,131748743,
Delta,Burutu,207977,1949.72,C,106169,101808,83577774.84,401.8606617,264,163456576.2,180035889.5,
Delta,Ethiope East,200942,383.544,A,101596,99346,76042788.09,378.431528,443,154039006.8,169152411.9,
Delta,Ethiope West,202712,541.272,A,102750,99962,77893724.76,384.2580842,384,156435226.7,171902943.1,
Delta,Ika North East,182819,467.935,B,91431,91388,82581721.47,451.7130138,285,158894214.3,175511336.7,
Delta,Ika South,167060,440.243,B,82214,84846,77669317.19,464.918695,393,150713765.5,166517654.6,
Delta,Isoko North,143559,481.422,C,71948,71611,73081103.74,509.0666816,517,143238005.7,158270824,
Delta,Isoko South,235147,709.463,C,119167,115980,81720985.36,347.5314818,303,163838456.5,179867872.4,
Delta,Ndokwa East,103224,1632.24,B,52306,50918,68670815.01,665.2601625,623,132945197,147453739.1,
Delta,Ndokwa West,150024,823.709,B,73842,76182,70823560.24,472.0815352,576,141462143,155982762.6,
Delta,Okpe,128398,448.718,A,65270,63128,64872852.74,505.248156,685,132383338.8,145860847.3,
Delta,Oshimili North,118540,515.506,B,58101,60439,63534204.67,535.9727069,704,128955538.3,142295110.9,
Delta,Oshimili South,150032,270.538,B,76078,73954,68941940.17,459.5149046,620,139443542.8,153574843.3,
Delta,Patani,67391,218.548,C,34307,33084,56935190.59,844.848579,760,115386541.6,127813768.4,
Delta,Sapele,174273,454.026,A,86167,88106,71714274.08,411.5053627,550,145449120.1,159942413.3,
Delta,Udu,142480,131.735,A,71813,70667,75400132.02,529.1980069,456,145665564.7,161182413.7,
Delta,Ughelli North,320687,824.738,A,160550,160137,98470377.8,307.0607097,99,194602377.3,213204127.6,
Delta,Ughelli South,212638,791.428,A,107730,104908,78058990.08,367.0980261,380,157949392.7,173357977.9,
Delta,Ukwuani,119034,412.978,B,58890,60144,61907711.11,520.084271,725,127856295.9,140814263.8,
Delta,Uvwie,188728,95.896,A,93999,94729,72740736.24,385.4263079,527,149186488.4,163708133.6,
Delta,Warri North,136149,1855.26,C,70446,65703,74390462.12,546.3900735,481,183428266.9,200534681.7,
Delta,Warri South,311970,638.165,C,158402,153568,90395819.39,289.7580517,166,143752870.8,159118720.8,
Delta,Warri South West,116538,1734.04,C,61026,55512,71440324.85,613.021717,564,137775572.5,152727351.2,
Ebonyi,Abakaliki,149683,591.395,A,72518,77165,81125273.35,541.9805412,311,154463764.5,164520233.4,
Ebonyi,Afikpo North,156649,242.795,C,80632,76017,76176504.21,486.2878423,440,149667939.7,158659793.2,
Ebonyi,Afikpo South,157542,381.738,C,79093,78449,76832278.28,487.6939374,423,150451543.7,159574133.5,
Ebonyi,Ebonyi,127226,449.465,A,60388,66838,74087785.28,582.332112,494,143391152.3,152230537,
Ebonyi,Ezza North,146149,308.345,B,70341,75808,73847366.34,505.2882082,502,145635240.8,154249982.3,
Ebonyi,Ezza South,133625,328.178,B,66373,67252,76756360.01,574.4161647,425,147179932.3,156509442.4,
Ebonyi,Ikwo,214969,583.957,B,99855,115114,89683959.39,417.1948485,175,172286423.5,183518924.3,
Ebonyi,Ishielu,152581,883.766,B,72671,79910,79439661.81,520.6392789,349,152517694.9,162233361.8,
Ebonyi,Ivo,121363,247.491,C,62049,59314,71873861.59,592.2221895,545,140163064.6,148601748.4,
Ebonyi,Izzi,236679,1083.17,A,112832,123847,99832482.83,421.8054108,88,186060668.3,199201390,
Ebonyi,Ohaozara,148317,315.201,C,75093,73224,77448549.42,522.182551,401,150001905.5,159330152.7,
Ebonyi,Ohaukwu,195555,523.88,A,94479,101076,85458525.06,437.0050628,233,165194093,175726839.4,
Ebonyi,Onicha,236609,481.851,C,117832,118777,93598289.32,395.5821178,128,179564773.5,191396069.1,
Edo,Akoko Edo,261567,1392.13,B,132184,129383,97174916.38,371.5106125,104,185850924.6,202361689.4,
Edo,Egor,340287,93.836,C,168925,171362,92295025.45,271.2270097,139,190910106.6,205692553.1,
Edo,Esan Central,105242,342.842,A,53017,52225,61073308.81,580.3130766,737,125464205.9,136017172.1,
Edo,Esan North East,121989,255.744,A,61647,60342,62876770.85,515.4298408,712,129309401.5,140102149,
Edo,Esan South East,166309,1322.78,A,84587,81722,75285181.14,452.6825436,460,149327679.1,162219627.1,
Edo,Esan West,127718,508.381,A,65312,62406,63989682.25,501.0232093,698,131392995.2,142353904.4,
Edo,Etsako Central,94228,669.492,B,47708,46520,64048538.87,679.7187553,696,127280823.4,138545385.5,
Edo,Etsako East,147335,1150.14,B,72477,74858,74301644.68,504.3041007,486,145351225.6,158243608.2,
Edo,Etsako West,198975,958.918,B,100986,97989,81778079.85,410.9967576,302,160413667,174361394.5,
Edo,Igueben,70276,384.597,A,35132,35144,59505553.57,846.7407589,746,118986643.2,129550012.9,
Edo,Ikpoba-Okha,372080,870.709,C,184725,187355,102104893.7,274.4165063,71,205796181.2,222303840.2,
Edo,Oredo,374515,251.624,C,188895,185620,105082179.8,280.5820322,58,209525160.6,226611494.7,
Edo,Orhionmwon,183994,2405.15,C,92433,91561,82364176.42,447.6459907,290,159064805.6,173271856.5,
Edo,Ovia North East,155344,2325.51,C,80433,74911,78548673.36,505.6434324,370,151040209.5,164732251.2,
Edo,Ovia South West,138072,2832.09,C,72113,65959,85729413.98,620.9036878,225,156415218.9,171755550.8,
Edo,Owan East,154630,1257.68,B,78890,75740,75202504.95,486.3383881,465,147456002.7,160455312.9,
Edo,Owan West,99056,741.199,B,50755,48301,61676265.59,622.6403811,727,125064779.3,135815540.8,
Edo,Uhunmwonde,121749,2056.45,C,63727,58022,76749890.25,630.3944201,426,144662209.8,158292601.6,
Ekiti,Ado Ekiti,313690,297.852,C,162563,151127,90182754.14,287.4900511,167,184827411.9,197382099.6,
Ekiti,Aiyekire (Gbonyin),147999,397.367,C,75342,72657,68622981.93,463.6719297,624,139495434,149049432,
Ekiti,Efon,87187,235.482,B,43587,43600,65431048.39,750.4679412,677,127774895,137234322,
Ekiti,Ekiti East,138340,325.887,C,70022,68318,67561109.63,488.3700277,643,136950621.7,146378615.7,
Ekiti,Ekiti South West,165087,350.589,C,83416,81671,71560380.79,433.4707202,557,145034056,155041392.1,
Ekiti,Ekiti West,179600,371.319,B,91241,88359,72949243.59,406.1761893,520,148526051.8,158686776.7,
Ekiti,Emure,94264,305.304,C,47767,46497,60110629.7,637.6838422,743,122803662.1,131088689,
Ekiti,Ido-Osi,160001,235.303,A,81461,78540,74051487.17,462.8189022,496,146972675.5,157557040.1,
Ekiti,Ijero,221873,396.971,B,112363,109510,79232147.87,357.1058573,355,161036860.2,172120888.3,
Ekiti,Ikere,148558,266.445,C,69252,79306,69187064.59,465.7242598,611,140008885.6,149688346.2,
Ekiti,Ikole,170414,1090.64,A,86873,83541,74145347.43,435.0895316,491,148321918.2,158838933.8,
Ekiti,Ilejemeji,43459,96.508,A,22010,21449,52032260.27,1197.272378,773,107121325.5,114191015.9,
Ekiti,Irepodun/Ifelodun,131330,361.746,B,66289,65041,65947378.78,502.1501468,671,133985253.6,143158791.7,
Ekiti,Ise/Orun,113951,438.234,C,57743,56208,64353901.5,564.7506516,691,130162217.7,139146964.7,
Ekiti,Moba,145408,202.801,A,75747,69661,69020427.42,474.6673321,616,139709397.8,149362113.6,
Ekiti,Oye,137796,515.445,A,69811,67985,67093238.82,486.9026591,657,135931666.1,145296999.3,
Enugu,Aninri,136221,367.755,B,66225,69996,84045835.6,616.9814904,253,163518743.4,177427695,
Enugu,Awgu,197292,451.444,B,96132,101160,70814656.62,358.9332392,577,140245933.7,151995925.5,
Enugu,Enugu East,277119,388.395,A,131214,145905,95855143.33,345.8988497,111,187425010.1,203042099.2,
Enugu,Enugu North,242140,107.733,A,118895,123245,90107355.89,372.1291645,170,176479363.2,191216909.7,
Enugu,Enugu South,198032,68.287,A,93758,104274,87123436.14,439.9462518,210,167009492.4,181554834.6,
Enugu,Ezeagu,170603,640.844,B,84466,86137,83766420.33,491.0020359,259,159413307.6,173528954,
Enugu,Igbo-Etiti,208333,329.879,C,105262,103071,84577774.78,405.9739685,246,165593040.9,179509302,
Enugu,Igbo-Eze North,258829,297.707,C,126069,132760,91539986.97,353.6697471,149,180015075.3,194915474.9,
Enugu,Igbo-Eze South,147364,160.133,C,72619,74745,83294645.81,565.2306249,269,155899527.2,170125557.9,
Enugu,Isi-Uzo,148597,889.615,A,72497,76100,77894446.45,524.1993206,383,150057630.7,163147227.3,
Enugu,Nkanu East,153591,804.629,A,75008,78583,81550249.39,530.9572136,306,154158698.8,168007424.2,
Enugu,Nkanu West,147385,227.569,A,72706,74679,79179575.22,537.2295364,356,151252678.8,164626348.2,
Enugu,Nsukka,309448,491.13,C,149418,160030,102547908,331.3897909,69,198925043.4,215653201.6,
Enugu,Oji-River,128741,407.87,B,61719,67022,70362289.28,546.5414225,589,138791215.4,150513399.9,
Enugu,Udenu,178687,251.849,C,88381,90306,77879675.38,435.8441038,385,154055302.3,166861601,
Enugu,Udi,238305,908.705,B,117914,120391,88431332.97,371.0846729,194,173171906.8,187661065.1,
Enugu,Uzo-Uwani,127150,866.622,C,63759,63391,73233365.48,575.9604049,513,141692878.1,154033518.8,
Gombe,Akko,337435,2705.966,A,177515,159920,116845124.3,346.2744655,32,215993018.8,237017913.7,
Gombe,Balanga,211490,1670.886,B,108494,102996,84856726.08,401.2328057,241,163790705.5,179312332,
Gombe,Billiri,202680,757.449,B,103201,99479,85406430.43,421.3855853,235,163010308.7,178743608.6,
Gombe,Dukku,207658,3948.886,C,107583,100075,93061830.56,448.1495081,132,172171713.2,189454617.1,
Gombe,Funakaye,237687,1463.021,C,132054,105633,90515366.47,380.8174888,165,173208403,189690744.4,
Gombe,Gombe,266844,53.434,C,146721,120123,98559736.01,369.35339,98,186389796.8,204252340.6,
Gombe,Kaltungo,160392,905.88,B,80177,80215,77279940.66,481.8191722,406,147009476.5,161535913.3,
Gombe,Kwami,193995,1844.865,C,99778,94217,82896971.44,427.3149898,276,159313670.9,174587420,
Gombe,Nafada (Bajoga),140185,1643.72,C,79009,61176,75575720.58,539.1141747,451,143567906.1,157847253.8,
Gombe,Shomgom,150948,946.828,B,76450,74498,71674003.56,474.8257914,552,141023367.5,154364604.4,
Gombe,Yamaltu/Deba,255726,2041.099,A,133246,122480,97823390.96,382.5320498,101,183870083.6,201697959.7,
Imo,Aboh-Mbaise,194779,186.118,A,98480,96299,76468170.56,392.5893991,436,150084396.5,162784220.6,
Imo,Ahiazu-Mbaise,170824,114.773,A,86326,84498,71960402.98,421.2546421,543,141853537.7,153857673.3,
Imo,Ehime-Mbano,130575,170.266,C,65237,65338,66109272.23,506.2934883,669,130121871.2,141296150.2,
Imo,Ezinihitte,168767,110.323,A,84725,84042,70312310.77,416.6235743,591,139343793.8,151058704.2,
Imo,Ideato North,156161,192.206,B,78753,77408,75396334.46,482.81155,457,143938262.4,156765102.1,
Imo,Ideato South,159654,89.381,B,81125,78529,75648797.07,473.8296383,450,144410841.6,157275834.3,
Imo,Ihitte/Uboma,119419,104.983,C,60492,58927,67709663.25,566.9923819,640,130509629.1,142107825.2,
Imo,Ikeduru,149737,180.404,A,75025,74712,71718556.7,478.963494,549,138705972.7,150861685.4,
Imo,Isiala Mbano,197921,167.201,C,100835,97086,80689176.69,407.6837561,322,155107933,168646537.4,
Imo,Isu,164328,40.441,B,84299,80029,71317939.25,433.9974883,569,140292205.8,152224291.9,
Imo,Mbaitoli,237474,205.933,A,118959,118515,87967684.89,370.4308046,203,168245180,182917750.1,
Imo,Ngor-Okpala,157858,566.008,A,78829,79029,74710548.62,473.2769237,473,143392852.8,156064514.3,
Imo,Njaba,143485,84.768,B,72401,71084,67491575.26,470.3737343,648,133526037.4,144852204.1,
Imo,Nkwerre,80270,38.447,B,40845,39425,65680295.92,818.2421318,674,129324740.2,140433781.8,
Imo,Nwangele,127691,63.898,B,65022,62669,58510732.28,458.2212707,752,115037427.3,125123488.6,
Imo,Obowo,117432,94.161,C,58204,59228,63424869.62,540.0986922,705,125477045.4,136219117.7,
Imo,Oguta,142340,488.043,B,72549,69791,74458521.86,523.1032869,480,140856889.7,153634564.1,
Imo,Ohaji/Egbema,182891,897.996,B,92604,90287,80592588.33,440.6591266,324,152838766.7,166508561.4,
Imo,Okigwe,132701,323.677,C,67660,65041,70610900.3,532.1052615,582,135214501.2,147301815.7,
Imo,Orlu,142792,132.949,B,69632,73160,62730388.82,439.3130485,717,122198151,132973417.1,
Imo,Orsu,120224,56.408,B,60490,59734,68994807.8,573.8854788,617,134848726.2,146506164.3,
Imo,Oru East,111743,137.009,B,56148,55595,67116983.83,600.6370317,654,129763128,141246421.1,
Imo,Oru West,115704,94.206,B,59108,56596,64919443.38,561.0821007,684,126269467.1,137377388.3,
Imo,Owerri North,176334,199.996,A,87094,89240,67158309.42,380.8585379,653,129472871.9,140988073.1,
Imo,Owerri West,101754,297.127,A,49968,51786,67773336.97,666.050838,639,131443288.4,142994249.7,
Imo,Owerri-Municipal,125337,58.477,A,60882,64455,72099310.19,575.2436247,539,142605448.9,154596237.9,
Imo,Unuimo,99368,87.619,C,50779,48589,64498936.09,649.0916199,689,124132753.3,135271338.7,
Jigawa,Auyo,132268,536.833,B,67409,64859,67354831.39,509.229983,651,135375606.9,144388246.1,
Jigawa,Babura,212955,1042.352,C,106373,106582,79661315.74,374.0758176,344,159184578.9,170054321.4,
Jigawa,Biriniwa,142015,1476.401,B,73864,68151,98861865.36,696.1367839,95,194533498,208426190.7,
Jigawa,Birnin Kudu,314108,1647.988,A,153997,160111,74777444.36,238.0628458,472,144984465.7,155448904.1,
Jigawa,Buji,97284,571.509,A,48984,48300,62944720.58,647.0202765,711,124946357.1,133775045.8,
Jigawa,Dutse,251135,1147.246,A,125773,125362,88357106.99,351.8311147,196,125860520.3,134276275.3,
Jigawa,Gagarawa,82153,685.787,C,41529,40624,64165570.37,781.0496314,693,173906869.2,186235527.2,
Jigawa,Garki,150261,1476.301,C,74730,75531,74155381.14,493.5104993,490,145617718.9,155860064,
Jigawa,Gumel,106371,234.703,C,54865,51506,64955192.6,610.6475694,683,129397184.7,138140966.8,
Jigawa,Guri,113363,1112.239,B,58426,54937,68621625.34,605.3264764,625,134511579.6,143946790.8,
Jigawa,Gwaram,271368,1986.569,A,137785,133583,95456662.43,351.7609388,116,185309579.8,198872427.6,
Jigawa,Gwiwa,128730,473.468,C,64760,63970,70577176.45,548.2574105,584,137948484.1,147702981.2,
Jigawa,Hadejia,104286,34.063,B,54171,50115,59578641.19,571.3004736,745,123231540.9,130868251.9,
Jigawa,Jahun,229882,1225.131,A,113694,116188,81888941.13,356.2216317,297,164458432.2,175597027.8,
Jigawa,Kafin Hausa,267284,1443.694,B,135012,132272,92104094.93,344.5926241,141,181389088.3,194266915.3,
Jigawa,Kaugama,128981,925.701,B,64592,64389,67503432.53,523.3595067,647,135000049.1,144081399.9,
Jigawa,Kazaure,161161,387.026,C,82513,78648,71431427.65,443.2302334,565,143834760.3,153422625,
Jigawa,Kiri Kasamma,192583,835.604,B,98430,94153,74501730.3,386.8551757,478,151249852.3,161198065.7,
Jigawa,Kiyawa,172952,1075.51,A,87862,85090,76971208.71,445.0437619,417,151501891.2,162138687,
Jigawa,Maigatari,177057,914.565,C,89722,87335,77636754.53,438.4845249,394,153148342.4,163860521.7,
Jigawa,Malam Madori,164791,803.523,B,85165,79626,72730071.97,441.347355,528,145263721.5,155123194.6,
Jigawa,Miga,127876,613.336,A,63067,64809,66712321.73,521.6954059,661,134185473.4,143097461.4,
Jigawa,Ringim,192407,1106.048,C,95581,96826,81870595.29,425.5073635,298,159486484.9,170966921.6,
Jigawa,Roni,77414,338.524,C,39618,37796,60543997.56,782.0807291,741,120587238.1,128684600.8,
Jigawa,Sule-Tankarkar,134813,1347.58,C,65985,68828,75989946.71,563.6692805,446,144795307.1,155619680.1,
Jigawa,Taura,131861,683.595,C,66107,65754,69112471.39,524.1312548,614,137291674.7,146673173.1,
Jigawa,Yankwashi,95643,390.324,C,48062,47581,64041319.49,669.5871051,697,126860975.3,135520475,
Kaduna,Birnin-Gwari,258581,6409.27,B,130919,127662,119903813.3,463.6992405,24,213882454.9,229225885.4,
Kaduna,Chikun,372272,4800.502,B,187433,184839,121921355.6,327.5061127,19,231598814.2,246282421.4,
Kaduna,Giwa,292384,2145.579,B,145608,146776,100899658.1,345.0929535,81,197363014.4,208425186.3,
Kaduna,Igabi,430753,3860.97,B,217414,213339,127720978.9,296.5063015,11,148182159,156040893.2,
Kaduna,Ikara,194723,887.176,A,95598,99125,85561534.78,439.4012766,230,246307555,261622829.5,
Kaduna,Jaba,155973,378.712,C,77415,78558,74609490.04,478.3487529,474,168002169.7,176727876.1,
Kaduna,Jema'A,278202,1707.113,C,140724,137478,99412253.62,357.3383858,90,150710694.5,157511635.1,
Kaduna,Kachia,252568,4772.2,C,127624,124944,109662056.8,434.1882457,46,194686503.9,205510179.4,
Kaduna,Kaduna North,364575,74.92,B,187075,177500,103597843,284.1605788,64,201447142,214729917.6,
Kaduna,Kaduna South,402731,61.365,B,204969,197762,110606903,274.6421383,45,209873893.2,220834269.7,
Kaduna,Kagarko,239058,1915.863,C,121041,118017,95583616.96,399.8344208,114,223614943.4,235620394,
Kaduna,Kajuru,109810,2904.298,B,54506,55304,77691293.28,707.5065411,389,185393723.3,195771275.2,
Kaduna,Kaura,174626,499.102,C,88565,86061,82810558.19,474.2166584,277,168779528.4,176664293.2,
Kaduna,Kauru,221276,2545.844,C,111119,110157,85267693.96,385.3454236,236,164481558.8,173369008.8,
Kaduna,Kubau,280704,2598.386,A,141528,139176,98705702.94,351.6362536,96,194345297.1,204990745.3,
Kaduna,Kudan,138956,415.758,A,71704,67252,76559455.15,550.9618523,432,150683962.9,158044385.5,
Kaduna,Lere,339740,2230.498,A,170396,169344,106526589.8,313.5532755,56,209576802.8,221395429.3,
Kaduna,Makarfi,146574,562.39,A,73292,73282,71651288.34,488.8403696,554,146213063.5,152482046.6,
Kaduna,Sabon-Gari,291358,273.779,A,149111,142247,94543783.58,324.493522,123,190375691.8,200108103.9,
Kaduna,Sanga,151485,1289.433,C,76482,75003,79268067.04,523.2733739,353,155068240.3,162897160.5,
Kaduna,Soba,291173,2317.993,A,145145,146028,101037868.7,347.002877,79,198430296.2,209457485,
Kaduna,Zangon-Kataf,318991,2748.78,C,161870,157121,113041005.3,354.3705161,38,214823502.9,228138737.1,
Kaduna,Zaria,406990,311.257,A,210900,196090,115424632.9,283.6055747,33,229732064.1,242688171.5,
Kano,Ajingi,172610,746.28,C,86605,86005,74070309.32,429.1194561,495,120673457.7,152103030.2,
Kano,Albasu,187639,415.203,C,94862,92777,75867462.78,404.3267273,447,124290365.5,156425832.8,
Kano,Bagwai,161533,423.676,B,83511,78022,69176178.99,428.2479678,612,115141559.9,144347362.1,
Kano,Bebeji,191916,746.777,C,97351,94565,75046590.65,391.0387391,469,123442617.9,155199510.1,
Kano,Bichi,278309,640.858,B,139346,138963,90958938.34,326.8271538,159,148312000.1,186818536.8,
Kano,Bunkure,174467,508.183,C,87185,87282,72467433.62,415.3647029,534,118922027.3,149619082.2,
Kano,Dala,418759,19.926,A,237943,180816,116970320.1,279.3261043,31,188622531.3,238186403.4,
Kano,Dambatta,210474,767.455,B,105538,104936,79693725.66,378.6392887,343,129815861,163606071.9,
Kano,Dawakin Kudu,225497,401.149,A,116109,109388,85667661.59,379.9059925,227,137054495.4,173525170.9,
Kano,Dawakin Tofa,246197,501.377,B,126390,119807,86267653.62,350.4009132,220,140551351.8,177097879.1,
Kano,Doguwa,150645,1527.783,C,77849,72796,79958192.23,530.772294,336,122448002.8,156893592.6,
Kano,Fagge,200095,21.657,A,111859,88236,78333754.47,391.482818,375,127476852.8,160705101,
Kano,Gabasawa,211204,633.516,B,107869,103335,81847698.34,387.5291109,299,131999152.3,166785622.6,
Kano,Garko,161966,469.212,C,82025,79941,73008514.2,450.7644456,519,118246067.4,149278858.6,
Kano,Garum Mallam,118622,223.388,A,71515,47107,72627538.11,612.2602731,530,111787608.1,143068091.4,
Kano,Gaya,207419,640.026,C,105199,102220,78493727.1,378.4307469,371,127900639.7,161184614,
Kano,Gezawa,282328,355.481,A,143380,138948,89634394.96,317.4831932,176,147886856.4,185716718.1,
Kano,Gwale,357827,19.119,A,219201,138626,107764893.8,301.1647913,53,173477961.6,219189983,
Kano,Gwarzo,183624,410.55,B,94669,88955,74091026.59,403.4931523,493,122006200,153353783,
Kano,Kabo,153158,355.932,B,83156,70002,71391638.7,466.130654,566,115758351.3,146102558.7,
Kano,Kano Municipal,371243,18.176,A,219636,151607,104018355.3,280.189405,62,170860613.2,214757391.2,
Kano,Karaye,144045,499.562,C,71727,72318,69228256.76,480.6015951,607,112320539.3,141751046.6,
Kano,Kibiya,138618,420.494,C,70942,67676,69865492.23,504.0145741,599,112220533,141997847.3,
Kano,Kiru,267168,966.63,C,140565,126603,90134891.29,337.3715838,168,145989116.6,184218363.1,
Kano,Kumbotso,294391,164.704,A,166171,128220,92097872.7,312.8420118,142,151770292.8,190642781.2,
Kano,Kunchi,110170,703.802,B,55221,54949,70622474.68,641.0318116,581,129641174.7,143849295,
Kano,Kura,143094,215.526,A,76921,66173,69162969.26,483.3394081,613,132508883.8,146043452.7,
Kano,Madobi,137685,285.544,A,71095,66590,69225577.14,502.7822721,608,131512638.3,145137059.8,
Kano,Makoda,220094,462.918,B,110014,110080,82043796.98,372.7670767,296,157181428.2,173171246.3,
Kano,Minjibir,219611,435.582,A,108218,111393,82685623.78,376.5094817,282,156743599.8,172972145,
Kano,Nasarawa,596411,35.653,A,323740,272671,142961252.2,239.7025746,4,274712318.1,302254666.8,
Kano,Rano,148276,542.104,C,75997,72279,71606134.63,482.9246448,555,135329507.3,149459558.9,
Kano,Rimin Gado,103371,235.389,B,53245,50126,70866518.32,685.5551201,575,129079838.8,143406295.8,
Kano,Rogo,227607,835.222,C,113104,114503,84829017.26,372.6995095,242,160983034.4,177610791.7,
Kano,Shanono,139128,728.671,B,68466,70662,69992115.56,503.0771344,596,132894644.9,146671199.9,
Kano,Sumaila,250379,1300.907,C,125162,125217,88587817.13,353.8148852,190,168612458,185926697.4,
Kano,Takai,202639,622.779,C,100269,102370,77794305.14,383.9058875,387,149844561.6,164968329.1,
Kano,Tarauni,221844,29.676,A,122069,99775,80894690.78,364.6467373,316,155769588.5,171485278.1,
Kano,Tofa,98603,210.817,B,49870,48733,63684630.19,645.8690931,701,120174922.6,132793733.8,
Kano,Tsanyawa,157730,515.281,B,80638,77092,70214566.42,445.1567008,593,135421789.5,149094073.8,
Kano,Tudun Wada,228658,1252.345,C,113791,114867,86577054,378.6312047,216,163455345.5,180477450.9,
Kano,Ungogo,365737,213.831,A,192372,173365,101223440.3,276.7656549,77,198115428.9,217468182.7,
Kano,Warawa,131858,376.152,A,66800,65058,66058616.74,500.9830025,670,126954803.3,139870268.1,
Kano,Wudil,188639,377.559,C,100357,88282,77675737.69,411.7692401,392,147368341,162626516.6,
Katsina,Bakori,149516,707.595,B,72714,76802,78929916.15,527.9028074,363,151494675.1,164292099.5,
Katsina,Batagarawa,189059,455.203,C,96693,92366,81332651.19,430.1971934,307,158860896.5,171923366.5,
Katsina,Batsari,207874,1163.661,C,104279,103595,88482240.79,425.653236,192,170047121.2,184647505.5,
Katsina,Baure,202941,743.149,A,102127,100814,82960900.56,408.7931988,275,162382536.3,175727251.2,
Katsina,Bindawa,151002,418.425,A,76925,74077,77586543.83,513.8113656,399,150404025.3,162841893.2,
Katsina,Charanchi,136989,494.316,C,70040,66949,72573267.78,529.7744182,532,142876618.2,154214020.1,
Katsina,Dan Musa,113190,828.6,C,58031,55159,77958476.99,688.7399681,382,139944558,151563672,
Katsina,Dandume,145323,439.616,B,74222,71101,73121344.9,503.1642954,516,149932517.5,162523929.4,
Katsina,Danja,125481,521.423,B,63663,61818,72810766.15,580.2533144,522,141893387.6,153477185,
Katsina,Daura,224884,332.931,A,115576,109308,88161933.88,392.032932,199,171126994.6,185548109.1,
Katsina,Dutsi,120902,297.875,A,61430,59472,72761552.19,601.8225686,525,140735789.4,152283706.7,
Katsina,Dutsin-Ma,169829,552.323,C,88202,81627,80814213.95,475.8563847,319,156295320.9,169368747.6,
Katsina,Faskari,194400,1824.087,B,97963,96437,88069172.36,453.030722,200,167860305.5,182479379.7,
Katsina,Funtua,225156,466.815,B,117789,107367,87863248.47,390.2327651,204,171577259,185870068.9,
Katsina,Ingawa,169148,937.43,A,86061,83087,76727055.5,453.6090022,429,151774924,163838334.1,
Katsina,Jibia,167435,1091.871,C,85149,82286,86438805.74,516.2529085,218,162541477.5,177003080.2,
Katsina,Kafur,209360,1153.613,B,104620,104740,89229584.29,426.2016827,183,170061682.7,184903435.2,
Katsina,Kaita,182405,975.584,C,93190,89215,85417244.43,468.2834595,234,163366160.6,177438871.6,
Katsina,Kankara,243259,1527.741,B,121815,121444,93669751.2,385.0618115,126,180708742.4,196247305,
Katsina,Kankia,151395,864.164,A,77061,74334,74591329.71,492.693482,475,146960136.2,158666986,
Katsina,Katsina,318132,149.633,C,168906,149226,102731974.6,322.9224806,67,200469385.9,217567611.4,
Katsina,Kurfi,116700,600.935,C,59021,57679,72286632.95,619.4227331,538,139883067,151336482.3,
Katsina,Kusada,98348,409.154,A,50930,47418,68291705.83,694.3883539,630,133007688.2,143645399.4,
Katsina,Mai'Adua,201800,556.596,A,103107,98693,83075836.52,411.6741156,274,163011268.7,176349369.3,
Katsina,Malumfashi,182891,703.755,B,92420,90471,82670433.33,452.0202379,283,160123002.7,173531246.9,
Katsina,Mani,176301,825.642,A,88007,88294,78418847.05,444.8009203,374,154614052.1,167027961.2,
Katsina,Mashi,171070,954.08,A,84105,86965,80065821.1,468.029585,331,155928161.4,168784494.2,
Katsina,Matazu,113814,526.975,B,57587,56227,67440608.58,592.5510797,649,134209033.5,144486844.9,
Katsina,Musawa,170006,887.587,B,85788,84218,80696954.96,474.6712173,321,156438211,169463632.2,
Katsina,Rimi,154092,475.638,C,77059,77033,72793510.45,472.4029181,523,145275487.4,156516857.3,
Katsina,Sabuwa,140679,667.548,B,72106,68573,75420458,536.1173878,455,145824463.5,157879503.5,
Katsina,Safana,185207,296.379,C,93410,91797,80924603.16,436.9413854,315,158302176.6,171271308.8,
Katsina,Sandamu,136944,1487.539,A,68512,68432,78431184.66,572.7245053,373,149327627,162114578.4,
Katsina,Zango,156052,633.332,A,79771,76281,76868996.06,492.5857795,421,149927337,162165760.9,
Kebbi,Aleiro,67078,365.483,B,34368,32710,61546225.79,917.5322131,731,117088535,128789328.5,
Kebbi,Arewa-Dandi,189728,4077.84,A,94825,94903,100564095.8,530.0435136,84,175486291.6,195602501.6,
Kebbi,Argungu,200248,1354.984,A,99658,100590,84704308.63,422.9970268,244,159688897.8,175830178.9,
Kebbi,Augie,116368,1242.357,A,58185,58183,69937671.54,601.0043271,598,133110717.8,146379654.6,
Kebbi,Bagudo,238014,4944.926,A,118733,119281,93143345.21,391.3355736,131,174563442.4,192368219.2,
Kebbi,Birnin Kebbi,268620,1385.033,B,135426,133194,113955248.4,424.2247352,35,201388935.1,223984267.6,
Kebbi,Bunza,123547,911.697,B,61309,62238,77634557.23,628.3807557,395,142077367.1,157184614.7,
Kebbi,Dandi,146211,2077.829,A,72907,73304,82475441.87,564.0850679,288,150413300.2,166488500,
Kebbi,Fakai,119772,2331.834,C,60441,59331,102460388.3,855.4619468,70,188400700.6,208222491.2,
Kebbi,Gwandu,151077,1064.066,B,74610,76467,71343922.71,472.2355005,568,135171375.1,148746689.9,
Kebbi,Jega,197757,927.594,B,98936,98821,75357802.07,381.0626277,458,143538130.5,157814468.7,
Kebbi,Kalgo,84928,1222.11,B,42262,42666,83136035.72,978.9001945,272,157690725.5,173469392.9,
Kebbi,Koko/Besse,154818,1346.137,B,78419,76399,69187341.27,446.8946845,610,128032066.4,141415310.7,
Kebbi,Maiyama,173759,1068.041,B,85728,88031,79396995.71,456.9374577,350,148430085.1,163658124.2,
Kebbi,Ngaski,126102,2714.307,C,62480,63622,91854806.11,728.416727,145,164856550.9,182926413.7,
Kebbi,Sakaba,91728,1305.673,C,46194,45534,73593500.25,802.301372,505,138103838.8,152194674.5,
Kebbi,Shanga,127142,1699.7,C,63478,63664,72524099.53,570.4181115,533,132283215.1,146437999.9,
Kebbi,Suru,148474,1403.262,A,72912,75562,75261833.33,506.9024431,461,140244456.8,154719997.8,
Kebbi,Wasagu/Danko,265271,4171.59,C,131388,133883,91056749.88,343.2593457,157,160584374.2,178696965.3,
Kebbi,Yauri,100564,1435.282,C,53016,47548,69970817.15,695.78395,597,130808040.6,144248337.3,
Kebbi,Zuru,165335,678.22,C,86354,78981,83576493.33,505.4978881,265,154457900.7,170603267.4,
Kogi,Adavi,217219,730.608,A,108891,108328,89271692.7,410.9755256,181,158344131.2,176599305.8,
Kogi,Ajaokuta,122432,1384.65,A,62995,59437,78936321.88,644.7360321,361,136383389.3,152862611.7,
Kogi,Ankpa,266176,1220.258,B,133705,132471,99621463.61,374.2691438,89,178355190.1,198527032.9,
Kogi,Bassa,139687,1960.875,B,70293,69394,78879254.59,564.685723,364,138681570.3,154982087.8,
Kogi,Dekina,260968,2504.755,B,131394,129574,107852441.6,413.2784157,52,186407315,208652308,
Kogi,Ibaji,127572,1395.951,B,64423,63149,83856062.66,657.3234147,256,142534174.1,160159138.9,
Kogi,Idah,79755,36.386,B,40141,39614,70362852.13,882.237504,588,121338863.5,136123415.7,
Kogi,Igalamela-Odolu,147048,2207.789,B,74489,72559,82451305.95,560.7101487,289,143656360.6,160753234.1,
Kogi,Ijumu,118593,1328.284,C,59582,59011,80860315.9,681.8304276,317,138165907.9,155136687.6,
Kogi,Kabba/Bunu,144579,2757.572,C,72639,71940,85487699.28,591.2871114,232,146629902.6,164491339.3,
Kogi,Kogi,115100,1527.781,C,58864,56236,75253849.06,653.8127633,462,131502480.6,147143440.1,
Kogi,Lokoja,196643,3243.323,C,101145,95498,96077136.95,488.586611,110,164853238.1,184832875.1,
Kogi,Mopa-Muro,43760,918.393,C,22311,21449,63416644.42,1449.192057,706,108970866.2,122394892.6,
Kogi,Ofu,191480,1707.407,B,96671,94809,92198278.93,481.5034412,140,160202441.5,179264876.3,
Kogi,Ogori/Magongo,39807,80.668,A,20051,19756,61566356.88,1546.62137,730,106359632.6,119373551.8,
Kogi,Okehi,223574,672.582,A,112879,110695,89257186.36,399.2288296,182,158035086.4,176307190.7,
Kogi,Okene,325623,333.147,A,163935,161688,111630572.5,342.8215221,43,198542577,221150039,
Kogi,Olamabolo,158490,1150.101,B,78439,80051,84323112.07,532.0405834,250,147321898.5,164762168.7,
Kogi,Omala,107968,1698.286,B,54366,53602,79840996.65,739.4875949,338,135512553.4,152342212.3,
Kogi,Yagba East,147641,1422.371,C,74619,73022,85608851.37,579.8447001,229,147240061.5,165097692,
Kogi,Yagba West,139928,1300.698,C,71071,68857,83765304.43,598.6314707,260,144040717,161531453.9,
Kwara,Asa,124668,1308.316,B,62751,61917,72344115.03,580.2941816,536,139120792,150173403.3,
Kwara,Baruten,206679,9935.467,A,104727,101952,118965703.3,575.606149,26,201146352.9,221006861.2,
Kwara,Edu,201642,2596.408,A,104040,97602,91179743.98,452.1862706,155,169721987.6,183946189.3,
Kwara,Ekiti,54399,488.192,C,27611,26788,55526435.67,1020.725301,770,111184973.4,119448579.8,
Kwara,Ifelodun,204975,3501.718,C,103650,101325,96344160.52,470.0288353,108,175975124.5,191218119.9,
Kwara,Ilorin East,207462,495.076,B,104801,102661,82806580.64,399.1409542,278,160953507.4,173430292.4,
Kwara,Ilorin South,209251,177.607,B,103606,105645,83699005.28,399.9933347,261,162513701.6,175133053.9,
Kwara,Ilorin West,365221,106.455,B,180387,184834,98699490.5,270.2459347,97,199736528,213984486.4,
Kwara,Irepodun,147594,749.338,C,73554,74040,71353260.79,483.4428282,567,141000265.2,151642451.7,
Kwara,Isin,59481,644.433,C,30088,29393,94887498.7,1595.257287,121,163446857.1,179153956.3,
Kwara,Kaiama,124015,7125.225,A,64901,59114,75220105.53,606.5403825,464,139906254,151714479.9,
Kwara,Moro,108715,3337.397,A,54860,53855,66812966.99,614.5699029,659,128167491.7,138426079.6,
Kwara,Offa,88975,96.971,C,44813,44162,55903534.19,628.3060881,765,111966834.2,120282125,
Kwara,Oke-Ero,56970,445.617,C,28358,28612,55666476.3,977.1191206,768,111990884.8,120237694.3,
Kwara,Oyun,94454,484.19,C,47890,46564,63561855.45,672.9397956,703,125227179.6,134774873,
Kwara,Pategi,110852,2975.126,A,57746,53106,76931840.03,694.0049799,418,142247232.3,154374399,
Lagos,Agege,461743,11.263,C,238456,223287,107959403,233.8084238,50,492737266.9,488517565.7,
Lagos,Ajeromi-Ifelodun,687316,12.395,C,352273,335043,138767543.7,201.8977351,5,556836497.2,556952042,
Lagos,Alimosho,1319571,186.195,C,665750,653821,223789126.6,169.5923347,1,730389249.3,742702169.3,
Lagos,Amuwo-Odofin,328975,135.24,C,173742,155233,87466526.82,265.875908,207,451079967.7,443908142.5,
Lagos,Apapa,222986,26.798,A,123163,99823,73537138.28,329.7836558,507,422171889.5,413034836.4,
Lagos,Badagry,237731,442.993,C,119821,117910,82211807.56,345.8186251,292,434959177.3,427410080.4,
Lagos,Epe,181734,1194.24,B,91925,89809,75482999.48,415.3488036,453,419526821.7,411130860.8,
Lagos,Eti-Osa,283791,193.46,A,158858,124933,91062208.64,320.8777186,156,451008299.9,444869706.2,
Lagos,Ibeju/Lekki,117793,457.821,B,60729,57064,60805567.11,516.2069657,739,394715096.6,383854032.7,
Lagos,Ifako-Ijaye,427737,26.769,C,219109,208628,103679614,242.3910347,63,483709818.3,478896458.5,
Lagos,Ikeja,317614,46.427,C,171782,145832,89625897.27,282.1849707,177,452810152.7,446135042.8,
Lagos,Ikorodu,527917,396.488,B,268463,259454,123231163.4,233.4290492,17,519777679.2,518037453.5,
Lagos,Kosofe,682772,81.889,B,358935,323837,133328156.2,195.2747861,6,548306511.6,547462069.2,
Lagos,Lagos Island,212700,8.707,A,110042,102658,71772608.01,337.4358628,547,419157012.4,409725836.5,
Lagos,Lagos Mainland,326700,19.572,A,170568,156132,86605178.4,265.090843,215,450065433.9,442718119.5,
Lagos,Mushin,631857,17.576,C,326873,304984,129654458.7,205.1958888,8,539907880,538599200.8,
Lagos,Ojo,609173,158.884,C,315401,293772,125806185.2,206.5196344,13,530974550.1,529189039,
Lagos,Oshodi-Isolo,629061,44.999,C,325207,303854,128458636.1,204.2069626,9,537045988.5,535595135.7,
Lagos,Shomolu,403569,11.615,B,207519,196050,99350743.52,246.1803149,91,475543741.2,470062555.6,
Lagos,Surulere,502865,23.122,A,260509,242356,113644608.9,225.9942706,36,504922427.5,501477843.7,
Nasarawa,Akwanga,111902,1021.546,A,56135,55767,74357814.34,664.4904858,482,138263214.7,150232217.3,
Nasarawa,Awe,113083,2611.464,C,57326,55757,83814682.83,741.1784515,257,148633514,162582880.1,
Nasarawa,Doma,138991,2771.336,C,71395,67596,85818795.01,617.4413812,223,154466352.9,168581633.4,
Nasarawa,Karu,216230,2707.642,B,109515,106715,101254483.2,468.2721323,76,180378142.6,197098563.9,
Nasarawa,Keana,81801,1070.503,C,40873,40928,72300058.4,883.8529896,537,131416645.7,143275161.3,
Nasarawa,Keffi,92550,141.514,B,47527,45023,67986225.57,734.5891472,636,128425354.3,139259097.1,
Nasarawa,Kokona,108558,1889.651,B,54379,54179,77680369.06,715.5655876,391,141455176.2,154151475.1,
Nasarawa,Lafia,329922,2821.19,C,165631,164291,121551045.5,368.4235834,21,219608737,239394550.2,
Nasarawa,Nasarawa,187220,5860.505,B,95105,92115,112646768.8,601.6812776,40,190919166.9,210161489.4,
Nasarawa,Nasarawa-Eggon,148405,1237.42,A,74543,73862,86173063.07,580.6614539,222,156131019.3,170231398.2,
Nasarawa,Obi,148977,989.433,C,74675,74302,82484274.02,553.6711977,287,152007271.9,165340672.5,
Nasarawa,Toto,119051,2963.84,B,59884,59167,87633620.77,736.1015092,206,153736128.5,168421356.7,
Nasarawa,Wamba,72687,1185.453,A,36813,35874,70349222.61,967.837751,590,128404393,139915326.5,
Niger,Agaie,132098,1948.984,C,66703,65395,77354198.45,585.5819047,403,144289733.2,156670548.1,
Niger,Agwara,57347,1586.549,B,29293,28054,66413853.65,1158.105108,664,122252959.6,133089180.5,
Niger,Bida,185553,52.259,C,93741,91812,76057650.24,409.8971735,442,150256408.5,161855330.8,
Niger,Borgu,172835,11579.768,B,87327,85508,123810682,716.3519077,15,200262174,221826922.9,
Niger,Bosso,148136,1636.331,A,75033,73103,74318067.85,501.6880964,485,142903076.4,154525118.5,
Niger,Chanchaga,202151,74.384,A,105265,96886,78272676.54,387.1990568,377,148955013.8,161268974.2,
Niger,Edati,159818,1792.426,C,80615,79203,74138914.89,463.8958996,492,140050147.7,151820865.4,
Niger,Gbako,126845,1797.498,C,63871,62974,66247817.72,522.2737808,668,126554454.3,137043603.1,
Niger,Gurara,90879,980.103,A,45153,45726,71485208.99,786.5976627,562,136444274.6,147718907.4,
Niger,Katcha,120893,1723.143,C,60526,60367,78725295.82,651.1981324,366,148330561.9,160815661.8,
Niger,Kontagora,151968,2146.023,B,77782,74186,76898452.19,506.0173996,419,140748987.3,153248550.4,
Niger,Lapai,117021,3121.596,C,59974,57047,89480640.51,764.6545535,178,167824857.4,181979906.8,
Niger,Lavun,209777,2906.926,C,107146,102631,91661378.9,436.9467525,146,166432037.9,181298845.5,
Niger,Magama,181470,4230.863,B,90740,90730,101493473.3,559.2851341,74,179548489.4,196270308.7,
Niger,Mariga,199600,5739.556,B,100899,98701,119755988.1,599.9799003,25,201583601.5,221913500,
Niger,Mashegu,215197,9433.487,B,107909,107288,75845324.08,352.4460103,448,151794030.3,163225779.5,
Niger,Mokwa,242858,4439.503,C,123467,119391,102944925.7,423.8893742,66,187212826.4,203808620.5,
Niger,Muya,103461,2241.007,A,52584,50877,69537085.42,672.1091563,602,131841415.3,142888393.4,
Niger,Paikoro,158178,2122.835,A,79399,78779,80029176.31,505.9437868,334,150575510.4,163271322.7,
Niger,Rafi,186118,3794.492,A,94395,91723,92304692.14,495.9471526,138,167171746,182168199.3,
Niger,Rijau,176199,3308.414,B,88875,87324,86833839.39,492.8168684,212,160409769.5,174336597.9,
Niger,Shiroro,235665,5171.926,A,118640,117025,102650902.7,435.5797538,68,185618230.3,202242486.9,
Niger,Suleja,215075,122.085,A,112030,103045,75071182.76,349.0465315,467,152971775,164103155.9,
Niger,Tafa,83874,227.521,A,41524,42350,61096026.92,728.4262932,736,119933489,129433079.9,
Niger,Wushishi,81756,1930.901,B,41459,40297,68103172.78,833.0051957,634,127353809.3,138309990.3,
Ogun,Abeokuta North,198793,813.997,A,96463,102330,76460436.58,384.623385,437,150026838,160621754.5,
Ogun,Abeokuta South,250295,71.952,A,119977,130318,78933701.48,315.362678,362,159307236.2,169961555.9,
Ogun,Ado-Odo/Ota,527242,881.979,C,261523,265719,121323712.2,230.1101055,22,243209089.9,260128226.4,
Ogun,Egbado North,183844,2100.22,C,89880,93964,79771359.29,433.9078746,340,151092487.2,162559809.7,
Ogun,Egbado South,168336,631.844,C,81666,86670,71489390.2,424.6827191,561,140177172.2,150038155,
Ogun,Ewekoro,55093,598.045,A,28212,26881,54380176.94,987.0614586,771,106021911,113374658,
Ogun,Ifo,539170,524.383,A,269206,269964,118955142.9,220.6264126,27,105100166.6,112115690.4,
Ogun,Ijebu East,109321,2254.92,B,56981,52340,70793101.83,647.5709318,578,240352288,256793534.6,
Ogun,Ijebu North,280520,975.886,B,141074,139446,88449058.51,315.3039302,193,131570531.2,141833224.1,
Ogun,Ijebu North East,68800,119.074,B,34581,34219,55593819.83,808.0497068,769,174406001.6,186727320.2,
Ogun,Ijebu Ode,157161,193.254,B,76466,80695,68238487.34,434.1947897,631,134593654.6,143914783.1,
Ogun,Ikenne,119117,144.874,B,60607,58510,61650488.36,517.5624668,728,122574893.1,130851123.6,
Ogun,Imeko-Afon,82952,1669.5,C,41850,41102,63912155.99,770.4715497,700,109034195.3,116523713,
Ogun,Ipokia,150387,631.884,C,74649,75738,66942751.45,445.1365573,658,120204483.9,129292941.6,
Ogun,Obafemi-Owode,235071,1420.77,A,118574,116497,81168287.49,345.2926456,309,132675428.6,141759935.6,
Ogun,Odeda,109522,1574.51,A,55200,54322,68139156.35,622.1504022,633,158922575.3,170242754.6,
Ogun,Odogbolu,125657,545.223,B,63838,61819,63328257.49,503.977156,709,128528375.3,138244510.9,
Ogun,Ogun Waterside,74222,1008.81,B,37412,36810,60151851.34,810.4315613,742,125555425,134103365.4,
Ogun,Remo North,59752,201.048,B,29893,29859,52975901.99,886.5962979,772,114795671.3,123186409.3,
Ogun,Shagamu,255885,618.367,B,126855,129030,81585789.47,318.837718,305,162666175.2,173844406.7,
Ondo,Akoko North East,179092,378.166,A,92456,86636,78642142.08,439.115885,368,149010007,161309006,
Ondo,Akoko North West,211867,520.752,A,107076,104791,83190773.96,392.655647,271,159106532.9,171982495.3,
Ondo,Akoko South East,82443,229.035,A,42175,40268,62819775.78,761.9782854,715,162846330.1,175885123.3,
Ondo,Akoko South West,228383,537.904,A,114733,113650,84695055.43,370.8465842,245,119303374.1,129217463.9,
Ondo,Akure North,130765,669.045,B,66526,64239,65827522.43,503.4032228,673,129156096.7,139229952,
Ondo,Akure South,360268,335.805,B,178672,181596,101161421.8,280.7949132,78,197362903.1,212632305.2,
Ondo,Ese-Odo,158256,768.529,C,79812,78444,71651615.88,452.7576577,553,134733752.7,145945185.4,
Ondo,Idanre,129795,1936.78,B,67531,62264,71246125.03,548.9127087,571,141636376,152516611.9,
Ondo,Ifedore,176372,299.284,B,89574,86798,71780797.26,406.9852202,546,165142502.2,178472720.2,
Ondo,Ilaje,289838,1328.85,C,146859,142979,93643969.93,323.0907263,127,180788600.5,195096641.1,
Ondo,Ile-Oluji-Okeigbo,171876,706.477,C,87104,84772,74164119.08,431.4978187,489,138643558.5,149696317.3,
Ondo,Irele,144136,972.049,C,72861,71275,68921931.51,478.1729166,621,143778469,155180781.4,
Ondo,Odigbo,232287,1836.88,C,116299,115988,86196280.43,371.0766441,221,134350652.3,144933877,
Ondo,Okitipupa,234138,810.723,C,117594,116544,86298045.87,368.5777015,219,164602011.4,177941283.5,
Ondo,Ondo East,76092,358.183,B,38851,37241,57205755,751.7972323,759,112145616.1,120977365.8,
Ondo,Ondo West,288868,981.393,B,141759,147109,94545542.28,327.296697,122,180846191,195404272.1,
Ondo,Ose,144139,1484.56,A,73119,71020,76178057.58,528.5041355,439,142242819.4,154319857,
Ondo,Owo,222262,1040.77,A,112056,110206,89377044.45,402.1247197,179,166545672.3,180645590.5,
Osun,Aiyedade,149569,1125.92,C,76032,73537,69782985.08,466.5604843,600,110194267.1,118012213.3,
Osun,Aiyedire,76309,265.783,C,38299,38010,61686616.38,808.3793049,726,109358958.8,117280023.2,
Osun,Atakumosa East,76105,241.225,B,38945,37160,55856472.03,733.9395839,766,135544872.7,145575568.8,
Osun,Atakumosa West,68350,584.693,B,34859,33491,56013157.17,819.5048598,764,116611145.7,125648335,
Osun,Boluwaduro,70954,145.895,A,36045,34909,58374894.16,822.7146343,753,112262149.8,120655912,
Osun,Boripe,138742,133.913,A,71052,67690,66486137.24,479.2069974,663,130415862.8,139861837.4,
Osun,Ede North,83818,112.379,C,42282,41536,55725261.28,664.8364466,767,111068504.3,118787899.5,
Osun,Ede South,75489,221.619,C,38233,37256,57873544.67,766.6487127,757,112408915.7,120649065.4,
Osun,Egbedore,73969,274.302,C,37302,36667,56921502.79,769.5318686,761,111139686.9,119196192.5,
Osun,Ejigbo,132515,378.352,C,67437,65078,64617153.77,487.6214298,688,127446538.5,136565340.7,
Osun,Ife Central,167204,112.372,B,88403,78801,68418620.77,409.192488,628,136284563.2,145873465.7,
Osun,Ife East,188614,174.066,B,95106,93508,79076158.74,419.2486175,360,150883118.4,162500559.4,
Osun,Ife North,153274,899.929,B,76852,76422,73710386,480.9059984,503,140340165.9,151159194.1,
Osun,Ife South,134490,738.609,B,68450,66040,64252627.46,477.7502228,692,127402646,136420271.7,
Osun,Ifedayo,37508,130.324,A,19227,18281,50491080.39,1346.141634,774,99017792.38,106081660.5,
Osun,Ifelodun,96444,116.158,A,48567,47877,65062535.66,674.6146537,681,123145934,132692320,
Osun,Ila,62054,307.639,A,31488,30566,57361520.86,924.3807145,758,109973072,118236846.4,
Osun,Ilesha East,105416,71.558,B,52721,52695,59800006.5,567.2763765,744,118625580.3,126982644.9,
Osun,Ilesha West,106809,63.713,B,52985,53824,63369731.44,593.2995482,708,122178397.9,131308249.1,
Osun,Irepodun,119590,65.151,A,60553,59037,62713713.79,524.4060021,718,123580529.5,132424902.9,
Osun,Irewole,142806,273.973,C,71730,71076,67853874.76,475.147226,638,132498735.3,142190427.3,
Osun,Isokan,102060,181.214,C,51304,50756,61588645.25,603.4552739,729,120153252.4,128915154.3,
Osun,Iwo,191348,217.227,C,96419,94929,75731882.11,395.7808919,449,147614846.6,158504106.8,
Osun,Obokun,116850,534.605,A,59587,57263,62801686.03,537.4555929,716,123279209,132169774.1,
Osun,Odo-Otin,132078,299.097,A,67956,64122,82740439.87,626.4513384,281,147735680.8,160620686.9,
Osun,Ola-Oluwa,76227,332.117,C,39233,36994,56633901.87,742.9638038,762,111109083.4,119085482.5,
Osun,Olorunda,131649,98.131,A,66684,64965,68501404.66,520.3336498,626,131635383.4,141572514.2,
Osun,Oriade,148379,471.853,B,75213,73166,68721044.48,463.145354,622,134130425.8,143956188.5,
Osun,Orolu,102832,80.793,A,52790,50042,60558743.16,588.9095142,740,118998063.3,127546095.1,
Osun,Osogbo,155507,47.23,A,78395,77112,67376135.94,433.2675438,650,133718234.3,143188179,
Oyo,Afijio,132184,730.8,A,66434,65750,66310926.25,501.6562235,665,153439006.1,159096779.7,
Oyo,Akinyele,211811,524.298,A,105594,106217,77006767.22,363.5635884,416,175607352.3,182776177,
Oyo,Atiba,168246,1782.98,A,84266,83980,76707154.62,455.9226051,430,169710863.9,177205639.5,
Oyo,Atigbo,109965,3038.05,B,56747,53218,82182691.16,747.3531684,294,167912605.4,177098711.4,
Oyo,Egbeda,283643,192.805,A,137527,146116,83382584.39,293.9701822,266,192054893.7,199898771.2,
Oyo,Ibadan Central [Ibadan North East],331444,18.077,C,163844,167600,85700324.11,258.5665274,226,197993541.6,206085632.7,
Oyo,Ibadan North,308119,27.562,C,152608,155511,92911178.66,301.5431657,134,209140963.5,218516893.2,
Oyo,Ibadan North West,154029,26.228,C,75410,78619,68379217.78,443.9372961,629,158224713.4,164139853.7,
Oyo,Ibadan South East,266457,17.032,C,130334,136123,81151700.72,304.5583367,310,187507546.4,195030922.3,
Oyo,Ibadan South West,283098,40.751,C,139622,143476,84962101.56,300.1155132,239,193941249.9,202105124.4,
Oyo,Ibarapa Central,103243,444.016,C,52094,51149,61447632.47,595.1748057,734,143880446.8,148814777.9,
Oyo,Ibarapa East,117182,846.631,C,59315,57867,64082531.15,546.8632653,695,146549650.6,152051127.8,
Oyo,Ibarapa North,100293,1229.8,C,51272,49021,62820309.31,626.3678353,714,145439973.9,150657969.2,
Oyo,Ido,104087,996.825,C,52465,51622,75058062.14,721.1089006,468,202578394.2,212524995.2,
Oyo,Irepo,121240,1003.2,B,62601,58639,63625116.84,524.786513,702,148331190.5,153577496.8,
Oyo,Iseyin,255619,1364.42,B,129268,126351,66765529.06,261.1915744,660,152390879.1,158251820.7,
Oyo,Itesiwaju,127391,1534.19,B,65820,61571,87230289.79,684.744525,209,193028555.7,201904760.3,
Oyo,Iwajowa,102847,2557.18,B,52472,50375,75425867.02,733.3793598,454,162807091.9,170417414.4,
Oyo,Kajola,200528,616.212,B,101188,99340,69242048.73,345.2986552,606,152522092.3,159082064.5,
Oyo,Lagelu,148133,342.341,A,74220,73913,77213834.66,521.2466814,408,142236705.6,147592905,
Oyo,Ogbomosho North,198859,187.365,B,103418,95441,71520443.89,359.6540458,559,174452824.5,181761459.2,
Oyo,Ogbomosho South,100379,69.293,B,50862,49517,74041626.31,737.6206807,498,161055884.4,167671654.4,
Oyo,Ogo Oluwa,65198,373.868,A,33403,31795,63385031.82,972.1928866,707,170631712,177299964.2,
Oyo,Olorunsogo,81339,1088.58,B,41795,39544,58003546.74,713.1086778,756,145739347,151097932.5,
Oyo,Oluyole,203461,635.045,A,102371,101090,62521621.77,307.2904477,721,135013609.3,139582049,
Oyo,Ona-Ara,265571,292.607,A,130615,134956,76887004.97,289.5158167,420,174321291.8,181545647.9,
Oyo,Orelope,104004,933.486,B,52996,51008,83770540.88,805.454991,258,190279163.5,198357944.1,
Oyo,Ori Ire,149408,2150.4,B,76465,72943,64160270.11,429.4299509,694,147083179.3,152569641.7,
Oyo,Oyo East,124095,145.812,A,62147,61948,77160160.38,621.7829919,410,167665301.7,175432418.7,
Oyo,Oyo West,136457,532.677,A,68897,67560,65148920.93,477.4318718,679,150771290.2,156283005.3,
Oyo,Saki East,108957,864.248,B,56014,52943,65433325.07,600.5426459,676,152741591.6,158197090.6,
Oyo,Saki West,273268,2043.15,B,138677,134591,65115585.26,238.2847068,680,148914645.8,154546439,
Oyo,Surulere,140339,1595.33,A,71671,68668,93304741.39,664.8525456,130,164191617.1,171600108.8,
Plateau,Barikin Ladi,179805,1061.5,C,90913,88892,88537494.67,492.4084128,191,163042326.5,176314991.4,
Plateau,Bassa,189834,1773.92,C,94725,95109,89312533.34,470.4770133,180,165437478.4,178761343.9,
Plateau,Bokkos,179550,1727.18,B,88560,90990,88923344.28,495.2567211,188,163889582.3,177211832.5,
Plateau,Jos East,88301,1050.79,C,44980,43321,67509937.54,764.5432955,646,128092045.9,137879046.4,
Plateau,Jos North,437217,300.526,C,220856,216361,117458077.8,268.6493841,30,228571383.6,245419270.1,
Plateau,Jos South,311392,525.077,C,157067,154325,101571353.1,326.1848508,73,194840497.4,209566268.4,
Plateau,Kanam,167619,2671.32,B,81162,86457,89163752.08,531.9429902,184,162475074.2,175963816.4,
Plateau,Kanke,124268,951.385,B,61376,62892,78745976.35,633.6786329,365,145152706.8,156915005.1,
Plateau,Langtang North,142316,859.765,A,70203,72113,80767836.25,567.5246371,320,149928826.3,161927462.9,
Plateau,Langtang South,105173,1214.93,A,53111,52062,76619997.81,728.5139514,431,140810489.8,152276819,
Plateau,Mangu,300520,1698.74,B,148590,151930,105860464,352.2576334,57,197952321.1,213669519.2,
Plateau,Mikang,96388,758.076,A,47584,48804,71270804.61,739.4157427,570,133778302.6,144228153.4,
Plateau,Pankshin,190114,1564.43,B,95376,94738,95147903.28,500.4781514,119,172457449.1,186935649.2,
Plateau,Qua'An Pan,197276,2537.16,A,96800,100476,95010287.94,481.6109813,120,173007564.4,187408581.8,
Plateau,Riyom,131778,830.029,C,66248,65530,75084375.88,569.7792946,466,142505794.5,153421041.6,
Plateau,Shendam,205119,2535.18,A,101951,103168,95671132.26,466.4177003,112,175210633.6,189644080.9,
Plateau,Wase,159861,5156.94,A,79496,80365,101651003.9,635.8711875,72,175558945.4,191653190.4,
Rivers,Abua/Odual,282410,708.635,C,145243,137167,67634163.6,239.489266,641,180877779.6,197211767,
Rivers,Ahoada East,166324,343.53,C,85467,80857,84503634.78,508.0663932,248,210351924.7,229382122.5,
Rivers,Ahoada West,249232,406.153,C,127906,121326,77845572.91,312.3418057,386,190599367.3,209132248.9,
Rivers,Akuku Toru,161103,1451.64,C,82949,78154,83098589.36,515.8103161,273,203685465.9,222785105.2,
Rivers,Andoni,217924,234.293,B,111946,105978,77136280.67,353.9595486,412,198385767,216175209.9,
Rivers,Asari-Toru,219787,113.357,C,112283,107504,77123391.33,350.9006053,413,197738274.6,215569286.2,
Rivers,Bonny,214983,645.601,C,116340,98643,83584108.76,388.7940384,263,209393795.2,228231759.1,
Rivers,Degema,249467,1016.83,C,128041,121426,80977190.51,324.600811,314,198679578.2,217530869.3,
Rivers,Eleme,190194,837.216,B,98345,91849,77238208.04,406.1022327,407,196066203.4,214046295.9,
Rivers,Emohua,201057,139.012,A,102634,98423,90574230.18,450.4903096,164,216988130.1,237265738.9,
Rivers,Etche,249939,811.524,A,127869,122070,80665435.78,322.7404918,323,203407327.4,221840726.6,
Rivers,Gokana,233813,126.758,B,118222,115591,77203741.9,330.1943942,409,194402278.1,212488815.3,
Rivers,Ikwerre,188930,660.468,A,97575,91355,91654260.71,485.1228535,147,224147296.6,244229480.1,
Rivers,Khana,292924,564.116,B,147315,145609,112240582.9,383.1730512,41,269422627,292145353.2,
Rivers,Obia/Akpor,462350,261.443,A,238951,223399,90616680.78,195.9915233,163,221513797,241487435.3,
Rivers,Ogba/Egbema/Ndoni,283294,977.486,C,145326,137968,91440176.23,322.7748425,152,222550006.9,242683367.3,
Rivers,Ogu/Bolo,75282,89.278,A,38552,36730,62823485.49,834.5087204,713,163324545.2,179528271.6,
Rivers,Okrika,222285,223.487,A,113962,108323,77304567.25,347.7723069,405,198826890.3,216632961.5,
Rivers,Omumma,100388,171.32,C,50853,49535,61271491.6,610.3467705,735,165059533.6,180704794,
Rivers,Opobo/Nkoro,152833,130.949,B,77556,75277,66275497.48,433.6465127,667,177358249.2,193555063.2,
Rivers,Oyigbo,125331,249.545,B,63434,61897,68450525.97,546.1579814,627,175884389.6,192797010.2,
Rivers,Port-Harcourt,538558,109.986,A,280703,257855,127121514.4,236.0405275,12,295875759.6,320945225.1,
Rivers,Tai,120308,159.659,B,61554,58754,75241467.47,625.4070176,463,182650544.6,201004496.2,
Sokoto,Binji,104274,587.316,B,52949,51325,70494711.69,676.0526276,586,133845350.5,144259662.2,
Sokoto,Bodinga,174302,591.682,C,87844,86458,80246603.05,460.3883091,328,154057917,165849877.4,
Sokoto,Dange-Shuni,193443,1269.572,C,97709,95734,86479054.14,447.0518661,217,163524326,176437688.8,
Sokoto,Gada,249051,1390.3,A,122232,126819,93895697.99,377.0139369,125,178922766.3,192882055.7,
Sokoto,Goronyo,182118,1796.305,A,90639,91479,88328144.62,485.0050221,197,163938087.4,177351335.5,
Sokoto,Gudu,95400,3659.888,B,48125,47275,80035296.96,838.9444126,333,143156117.5,155648697.6,
Sokoto,Gwadabawa,231569,1045.101,A,116300,115269,91411729.64,394.7494252,153,173910229.2,187509118.8,
Sokoto,Illela,150133,1316.156,A,74949,75184,78002608.95,519.5567194,381,148241769.6,159798053.1,
Sokoto,Isa,150268,2273.925,A,73474,76794,88293143.29,587.5711615,198,159064819.4,172808257.1,
Sokoto,Kebbe,123154,2724.069,C,62338,60816,79716416.11,647.2905152,342,146691469.4,158846061.9,
Sokoto,Kware,134084,582.963,B,66778,67306,73921600.08,551.3081358,500,141501236.1,152361057,
Sokoto,Rabah,149152,2557.074,A,75001,74151,88012658.88,590.0870178,202,159162857.1,172819243,
Sokoto,Sabon Birni,207470,2486.014,A,99397,108073,92343039.55,445.0910471,137,171769156.5,185783831.9,
Sokoto,Shagari,156907,1393.624,C,79438,77469,83205970.66,530.2884553,270,154801927.1,167388215.5,
Sokoto,Silame,104601,829.016,B,53091,51510,74505849.58,712.2862074,477,138205728.2,149462678.8,
Sokoto,Sokoto North,233012,53.484,B,124134,108878,82793723.31,355.3195686,279,164554378.4,176341969.6,
Sokoto,Sokoto South,197686,43.179,B,103207,94479,82124874.34,415.4309073,295,158746090.2,170747887.5,
Sokoto,Tambuwal,225917,1792.946,C,113495,112422,91956577.82,407.0369995,143,173655807.9,187428264.4,
Sokoto,Tangaza,114770,2610.828,B,55309,59461,84780258.89,738.6970366,243,150862376.9,164173868.6,
Sokoto,Tureta,68414,2494.141,C,34567,33847,77151272.61,1127.711764,411,136328903.8,148473364.4,
Sokoto,Wamakko,179246,732.146,B,91466,87780,79531091.62,443.6979995,346,153827393.4,165430837.3,
Sokoto,Wurno,162403,720.718,A,81854,80549,76521268.07,471.1813702,434,148178020.6,159315147.2,
Sokoto,Yabo,115302,826.439,C,59417,55885,71738671.97,622.1806384,548,136558112.2,147138773.7,
Taraba,Ardo-Kola,87784,2312.186,C,44533,43251,71205831.78,811.1481794,572,131721508.1,147153686,
Taraba,Bali,211024,9319.186,B,107979,103045,121849576.1,577.4204643,20,204167166.8,229024162.9,
Taraba,Donga,133105,3175.728,A,67582,65523,83688244.96,628.738552,262,151863889.4,169459441,
Taraba,Gashaka,87166,8521.234,B,45587,41579,99924264.97,1146.367448,87,163675929.2,185089777.5,
Taraba,Gassol,245086,5665.131,B,126856,118230,107952726.7,440.4687607,51,193543848.6,215168478.3,
Taraba,Ibi,84302,2728.872,A,42654,41648,74784302.27,887.0999771,471,135305927.9,151511187.2,
Taraba,Jalingo,140318,195.071,C,71997,68321,71929643.74,512.6187926,544,139593282,154682920.8,
Taraba,Karim-Lamido,193924,6784.789,C,98315,95609,111644644.1,575.7133934,42,191104540.7,213955204.5,
Taraba,Kurmi,91282,4419.176,B,46383,44899,79473042.54,870.6321349,347,141502976.3,158616426.6,
Taraba,Lau,95190,1700.144,C,48582,46608,73377278.6,770.8507049,510,135420479.4,151215386.6,
Taraba,Sardauna,224357,4662.045,B,112060,112297,109502235.4,488.0714014,47,192548591.8,214685800.2,
Taraba,Takum,134576,2542.513,A,68062,66514,86674559.51,644.0565889,213,155340121.3,173546972.7,
Taraba,Ussa,90889,1517.904,A,46558,44331,74495627.52,819.6330416,479,138754818.9,154636764,
Taraba,Wukari,238283,4391.812,A,124285,113998,106704406.4,447.8053674,55,191732021.8,213126161.4,
Taraba,Yorro,89865,1303.579,C,45633,44232,70735769.59,787.133696,579,131532826.7,146843756.3,
Taraba,Zing,127685,1052.45,C,64759,62926,76734140.08,600.9644052,427,143252652.8,159460737.6,
Yobe,Bade,139804,809.661,B,73709,66095,79300170.71,567.2239043,352,151503621,161920395.2,
Yobe,Bursari,109692,4003.656,A,56381,53311,87753489.87,799.998996,205,156780517.4,169246244.3,
Yobe,Damaturu,87706,2461.408,A,48361,39345,73475111.04,837.7432677,508,138130608.9,147815195.8,
Yobe,Fika,136736,2293.217,C,69175,67561,82265336.69,601.6362676,291,154405411,165467538.6,
Yobe,Fune,301954,5153.394,C,150896,151058,115383428.1,382.1225354,34,213010959.6,229452400.5,
Yobe,Geidam,155740,4560.199,A,82482,73258,95623060.89,613.9916585,113,171939770.4,185597641.2,
Yobe,Gujba,129797,3358.438,A,72310,57487,88037300.43,678.2691467,201,159895428.8,172224865.4,
Yobe,Gulani,103516,2161.895,A,51686,51830,76486356.44,738.8843893,435,143538986.7,153707121.2,
Yobe,Jakusko,232458,4125.929,B,120728,111730,100873265.7,433.9418978,82,187349614.3,201433096.4,
Yobe,Karasuwa,105514,1221.939,B,55385,50129,71141333.75,674.2359663,573,138078174.5,147099050.1,
Yobe,Machina,60994,1277.134,B,31771,29223,68142086.75,1117.193277,632,128690556.6,137509103,
Yobe,Nangere,87517,1021.259,C,44470,43047,73058737.74,834.794814,518,137643471.5,147242998.1,
Yobe,Nguru,150699,964.031,B,80827,69872,79460018.18,527.2763468,348,153130124.2,163479064,
Yobe,Potiskum,204866,581.793,C,105388,99478,87436710.74,426.7995213,208,169352913.2,180850385.1,
Yobe,Tarmua,77667,4794.714,A,40612,37055,81096674.7,1044.158712,312,145136542.1,156511528.5,
Yobe,Yunusari,125940,3983.457,A,64918,61022,84516634.46,671.0865052,247,155422175,167057108.9,
Yobe,Yusufari,110739,4137.636,B,55935,54804,84315793.37,761.3920423,251,153231286,164961730.9,
Zamfara,Anka,143637,2864.202,C,72456,71181,79363962.42,552.5314677,351,149723514.5,162266448.6,
Zamfara,Bakura,187141,1432.245,C,92369,94772,76844151.33,410.6216774,422,152890614,164444933.6,
Zamfara,Birnin Magaji,184083,1244.767,A,90824,93259,90688685.45,492.651062,162,171542800.2,185766774.9,
Zamfara,Bukkuyum,216348,3350.013,C,108812,107536,100093851.7,462.6520775,86,188152481.4,203970674.7,
Zamfara,Bungudu,258644,2396.073,B,128831,129813,87121030.71,336.8376251,211,166639835.8,180115728.1,
Zamfara,Gummi,206721,2720.043,C,102686,104035,120972570.8,585.1972988,23,228029837,247081015.9,
Zamfara,Gusau,383712,3509.381,B,198682,185030,91873419.24,239.4332709,144,182170976.5,196043224,
Zamfara,Kaura Namoda,285363,909.762,A,145548,139815,83354206.56,292.0988585,267,159001382.2,172011086.6,
Zamfara,Maradun,207563,2864.499,C,106403,101160,90108254.46,434.1248414,169,170794966.4,184849440.5,
Zamfara,Maru,293141,6921.864,B,146920,146221,118935547.3,405.7281215,28,213581151.9,233065662.9,
Zamfara,Shinkafi,135964,709.734,A,66512,69452,74260973.1,546.1811443,488,143180200.6,154680398.3,
Zamfara,Talata Mafara,215650,1496.569,C,107516,108134,85772651.36,397.7400944,224,166566014.2,179743965.3,
Zamfara,Tsafe,266929,1772.373,B,129010,137919,90873304.42,340.4399837,160,179010598.3,192765809.4,
Zamfara,Zurmi,293977,2979.104,A,145054,148923,100361112.6,341.3910359,85,193246785.1,208846293.9,