state,lgc,population,land_size_klm2,senatorial_district,Male,Female
Abia,Aba North,106844,22.956,C,53016,53828,
Abia,Aba South,427421,49.551,C,220541,206880,
Abia,Arochukwu,169339,529.308,A,85695,83644,
Abia,Bende,192621,607.54,A,95675,96946,
Abia,Ikwuano,137897,284.076,B,70509,67388,
Abia,Isiala-Ngwa North,154083,285.438,B,76261,77822,
Abia,Isiala-Ngwa South,136650,260.396,B,67205,69445,
Abia,Isiukwuato,115794,397.647,A,56660,59134,
Abia,Obi Ngwa,181894,398.508,C,89593,92301,
Abia,Ohafia,245987,442.709,A,124416,121571,
Abia,Osisioma Ngwa,220662,199.387,B,110790,109872,
Abia,Ugwunagbo,85371,108.689,C,42801,42570,
Abia,Ukwa East,58139,282.168,C,29410,28729,
Abia,Ukwa West,87367,272.702,C,44149,43218,
Abia,Umuahia North,223134,246.956,B,112595,110539,
Abia,Umuahia South,139058,141.711,B,68950,70108,
Abia,Umu-Nneochi,163119,372.496,A,82032,81087,
Abuja,Abaji,58642,1015.927,A,28860,29782,
Abuja,Abuja Municipal (Amac),776298,1813.333,A,415951,360347,
Abuja,Bwari,229274,938.744,A,115346,113928,
Abuja,Gwagwalada,158618,1069.589,A,80182,78436,
Abuja,Kuje,97233,1682.061,A,49420,47813,
Abuja,Kwali,86174,1234.199,A,43413,42761,
Adamawa,Demsa,178407,1868.82,B,89511,88896,
Adamawa,Fufore,209460,5078.136,C,105626,103834,
Adamawa,Ganye,169948,1922.898,B,85798,84150,
Adamawa,Girei,129855,1899.139,C,66906,62949,
Adamawa,Gombi,147787,1126.136,C,74399,73388,
Adamawa,Guyuk,176505,777.534,B,89440,87065,
Adamawa,Hong,169183,2697.61,C,83736,85447,
Adamawa,Jada,168445,2847.963,B,82882,85563,
Adamawa,Lamurde,111254,1200.469,B,56495,54759,
Adamawa,Madagali,135142,844.75,A,67134,68008,
Adamawa,Maiha,110175,1303.601,A,55622,54553,
Adamawa,Mayo-Belwa,152803,1806.453,B,75399,77404,
Adamawa,Michika,155238,994.208,A,75036,80202,
Adamawa,Mubi North,151515,926.553,A,78059,73456,
Adamawa,Mubi South,129956,424.703,A,66553,63403,
Adamawa,Numan,91549,927.571,B,47512,44037,
Adamawa,Shelleng,148490,1396.012,B,75143,73347,
Adamawa,Song,195188,4362.483,C,97228,97960,
Adamawa,Toungo,52179,5569.413,B,26598,25581,
Adamawa,Yola North,199674,733.603,C,108379,91295,
Adamawa,Yola South,196197,115.252,C,99814,96383,
Akwa Ibom,Abak,139069,191.506,B,70305,68764,
Akwa Ibom,Eastern Obolo,59970,121.276,C,30229,29741,
Akwa Ibom,Eket,172856,168.656,C,89006,83850,
Akwa Ibom,Esit-Eket,63358,169.155,C,32189,31169,
Akwa Ibom,Essien Udim,193257,297.465,B,97888,95369,
Akwa Ibom,Etim Ekpo,105922,207.487,B,53514,52408,
Akwa Ibom,Etinan,168924,176.181,A,85760,83164,
Akwa Ibom,Ibeno,74840,244.951,C,40006,34834,
Akwa Ibom,Ibesikpo Asutan,137127,155.691,A,69681,67446,
Akwa Ibom,Ibiono Ibom,188605,339.856,A,96106,92499,
Akwa Ibom,Ika,72772,113.644,B,36996,35776,
Akwa Ibom,Ikono,131673,261.2,B,66080,65593,
Akwa Ibom,Ikot Abasi,132608,361.968,C,67806,64802,
Akwa Ibom,Ikot Ekpene,141408,116.844,B,71738,69670,
Akwa Ibom,Ini,99084,375.808,B,50108,48976,
Akwa Ibom,Itu,127856,176.153,A,65410,62446,
Akwa Ibom,Mbo,102173,216.691,C,52351,49822,
Akwa Ibom,Mkpat Enin,177293,331.846,C,89283,88010,
Akwa Ibom,Nsit Atai,73395,135.328,A,37186,36209,
Akwa Ibom,Nsit Ibom,108095,142.962,A,55197,52898,
Akwa Ibom,Nsit Ubium,127083,207.28,A,64674,62409,
Akwa Ibom,Obot Akara,147286,239.565,B,74392,72894,
Akwa Ibom,Okobo,102753,301.787,C,52395,50358,
Akwa Ibom,Onna,123193,163.222,C,61413,61780,
Akwa Ibom,Oron,87209,54.059,C,44545,42664,
Akwa Ibom,Oruk Anam,171839,527.4,B,86863,84976,
Akwa Ibom,Udung Uko,53060,60.927,C,27613,25447,
Akwa Ibom,Ukanafun,125473,248.246,B,63308,62165,
Akwa Ibom,Uruan,117169,349.371,A,59254,57915,
Akwa Ibom,Urue-Offong/Oruko,70740,127.54,C,36208,34532,
Akwa Ibom,Uyo,305961,188.024,A,155698,150263,
Anambra,Aguata,369972,197.174,C,187262,182710,
Anambra,Anambra East,152149,253.661,A,77539,74610,
Anambra,Anambra West,167303,965.656,A,85833,81470,
Anambra,Anaocha,284215,105.52,B,142961,141254,
Anambra,Awka North,112192,356.03,B,57219,54973,
Anambra,Awka South,189654,172.209,B,96902,92752,
Anambra,Ayamelum,158152,596.194,A,81065,77087,
Anambra,Dunukofia,96517,66.319,B,49476,47041,
Anambra,Ekwusigo,158429,117.67,C,80053,78376,
Anambra,Idemili North,431005,138.534,B,219223,211782,
Anambra,Idemili South,206816,116.739,B,105830,100986,
Anambra,Ihiala,302277,254.315,C,152200,150077,
Anambra,Njikoka,148394,96.215,B,73869,74525,
Anambra,Nnewi North,155443,60.477,C,77517,77926,
Anambra,Nnewi South,233362,175.759,C,118532,114830,
Anambra,Ogbaru,223317,457.996,A,115678,107639,
Anambra,Onitsha North,125918,42.599,A,61588,64330,
Anambra,Onitsha South,137191,10.12,A,71348,65843,
Anambra,Orumba North,172773,300.571,C,84996,87777,
Anambra,Orumba South,184548,194.437,C,93199,91349,
Anambra,Oyi,168201,138.019,A,85694,82507,
Bauchi,Alkaleri,328284,6092.833,A,166936,161348,
Bauchi,Bauchi,493730,3806.624,A,252420,241310,
Bauchi,Bogoro,83809,919.936,A,41776,42033,
Bauchi,Damban,150212,1121.467,B,75978,74234,
Bauchi,Darazo,249946,3128.715,B,126741,123205,
Bauchi,Dass,90114,551.783,A,46695,43419,
Bauchi,Gamawa,284411,3055.895,C,145510,138901,
Bauchi,Ganjuwa,278471,5239.237,B,140402,138069,
Bauchi,Giade,156022,694.577,C,79628,76394,
Bauchi,Itas/Gadau,228527,1459.507,C,114808,113719,
Bauchi,Jama'Are,117482,513.701,C,60941,56541,
Bauchi,Katagum,293020,1496.563,C,152552,140468,
Bauchi,Kirfi,145636,2448.541,A,75337,70299,
Bauchi,Misau,261410,1275.189,B,135704,125706,
Bauchi,Ningi,385997,4802.044,B,196528,189469,
Bauchi,Shira,233999,1374.843,C,118888,115111,
Bauchi,Tafawa-Balewa,221310,2590.058,A,110372,110938,
Bauchi,Toro,346000,7168.231,A,172921,173079,
Bauchi,Warji,114983,649.561,B,58054,56929,
Bauchi,Zaki,189703,1544.568,C,97075,92628,
Bayelsa,Brass,184127,1410.76,A,94359,89768,
Bayelsa,Ekeremor,269588,1820.23,C,137753,131835,
Bayelsa,Kolokuma/Opokuma,79266,363.334,B,39952,39314,
Bayelsa,Nembe,130966,763.877,A,66768,64198,
Bayelsa,Ogbia,179606,699.013,A,92015,87591,
Bayelsa,Sagbama,186869,951.65,C,95667,91202,
Bayelsa,Southern Ijaw,321808,2695.86,B,165329,156479,
Bayelsa,Yenegoa,352285,711.024,B,182240,170045,
Benue,Ado,184389,1238.188,C,92367,92022,
Benue,Agatu,115597,1034.298,C,58478,57119,
Benue,Apa,96780,1013.459,C,48658,48122,
Benue,Buruku,206215,1267.052,B,103655,102560,
Benue,Gboko,361325,1866.328,B,180669,180656,
Benue,Guma,194164,2938.691,B,97318,96846,
Benue,Gwer East,168660,2334.054,B,85287,83373,
Benue,Gwer West,122313,1114.241,B,61764,60549,
Benue,Katsina-Ala,225471,2441.891,A,114093,111378,
Benue,Konshisha,226492,1699.9,A,114192,112300,
Benue,Kwande,248642,2933.664,A,125442,123200,
Benue,Logo,169570,1433.532,A,86069,83501,
Benue,Makurdi,300377,835.624,B,154138,146239,
Benue,Obi,98707,429.192,C,49143,49564,
Benue,Ogbadibo,130988,607.076,C,64847,66141,
Benue,Ohimini,70688,642.524,C,35876,34812,
Benue,Oju,168491,1301.755,C,84220,84271,
Benue,Okpokwu,175596,742.555,C,89193,86403,
Benue,Oturkpo,266411,1290.827,C,136612,129799,
Benue,Tarka,79280,377.679,B,39783,39497,
Benue,Ukum,216983,1541.565,A,108728,108255,
Benue,Ushongo,191935,1247.527,A,96062,95873,
Benue,Vandeikya,234567,945.087,A,117449,117118,
Borno,Abadam,100065,4172.272,A,53749,46316,
Borno,Askira/Uba,143313,2431.83,C,72676,70637,
Borno,Bama,270119,5158.866,B,136524,133595,
Borno,Bayo,79078,985.784,C,39287,39791,
Borno,Biu,175760,3423.862,A,90609,85151,
Borno,Chibok,66333,1391.995,C,33952,32381,
Borno,Damboa,233200,6426.184,C,125873,107327,
Borno,Dikwa,105042,1836.891,B,55160,49882,
Borno,Gubio,151286,2575.093,A,78893,72393,
Borno,Guzamala,95991,2631.444,A,50254,45737,
Borno,Gwoza,276568,2973.154,B,143407,133161,
Borno,Hawul,120733,2160.993,C,59611,61122,
Borno,Jere,209107,900.715,B,107714,101393,
Borno,Kaga,89996,2802.457,C,47150,42846,
Borno,Kala/Balge,60834,1962.132,B,31260,29574,
Borno,Konduga,157322,6065.892,B,80017,77305,
Borno,Kukawa,203343,5124.413,A,109287,94056,
Borno,Kwaya Kusar,56704,754.692,C,29007,27697,
Borno,Mafa,103600,2976.987,B,53351,50249,
Borno,Magumeri,140257,5057.607,A,72510,67747,
Borno,Maiduguri,540016,137.356,B,282409,257607,
Borno,Marte,129409,3280.02,A,67777,61632,
Borno,Mobbar,116633,2925.968,A,61426,55207,
Borno,Monguno,109834,1993.201,A,57146,52688,
Borno,Ngala,236498,1519.821,B,122127,114371,
Borno,Nganzai,99074,2572.345,A,50822,48252,
Borno,Shani,100989,1238.933,C,51360,49629,
Cross River,Abi,144317,284.901,B,73077,71240,
Cross River,Akamkpa,149705,5049.99,C,76921,72784,
Cross River,Akpabuyo,272262,813.684,C,141602,130660,
Cross River,Bakassi,31641,462.622,C,18175,13466,
Cross River,Bekwara,105497,310.003,A,52914,52583,
Cross River,Biase,168113,1323.39,C,85625,82488,
Cross River,Boki,186611,2805.71,B,95154,91457,
Cross River,Calabar South,191515,185.498,C,94584,96931,
Cross River,Calabar-Municipal,183681,142.736,C,93092,90589,
Cross River,Etung,80036,823.917,B,41089,38947,
Cross River,Ikom,163691,1984.36,B,82646,81045,
Cross River,Obanliku,109633,1070.63,A,55998,53635,
Cross River,Obubra,172543,1127.42,B,87153,85390,
Cross River,Obudu,161457,459.458,A,81537,79920,
Cross River,Odukpani,192884,1366.23,C,100697,92187,
Cross River,Ogoja,171574,985.598,A,86802,84772,
Cross River,Yakurr,196271,676.86,B,99485,96786,
Cross River,Yala,211557,1763.59,A,105416,106141,
Delta,Aniocha North,104062,411.014,B,52448,51614,
Delta,Aniocha South,142045,877.34,B,69224,72821,
Delta,Bomadi,86016,129.773,C,43435,42581,
Delta,Burutu,207977,1949.72,C,106169,101808,
Delta,Ethiope East,200942,383.544,A,101596,99346,
Delta,Ethiope West,202712,541.272,A,102750,99962,
Delta,Ika North East,182819,467.935,B,91431,91388,
Delta,Ika South,167060,440.243,B,82214,84846,
Delta,Isoko North,143559,481.422,C,71948,71611,
Delta,Isoko South,235147,709.463,C,119167,115980,
Delta,Ndokwa East,103224,1632.24,B,52306,50918,
Delta,Ndokwa West,150024,823.709,B,73842,76182,
Delta,Okpe,128398,448.718,A,65270,63128,
Delta,Oshimili North,118540,515.506,B,58101,60439,
Delta,Oshimili South,150032,270.538,B,76078,73954,
Delta,Patani,67391,218.548,C,34307,33084,
Delta,Sapele,174273,454.026,A,86167,88106,
Delta,Udu,142480,131.735,A,71813,70667,
Delta,Ughelli North,320687,824.738,A,160550,160137,
Delta,Ughelli South,212638,791.428,A,107730,104908,
Delta,Ukwuani,119034,412.978,B,58890,60144,
Delta,Uvwie,188728,95.896,A,93999,94729,
Delta,Warri North,136149,1855.26,C,70446,65703,
Delta,Warri South,311970,638.165,C,158402,153568,
Delta,Warri South West,116538,1734.04,C,61026,55512,
Ebonyi,Abakaliki,149683,591.395,A,72518,77165,
Ebonyi,Afikpo North,156649,242.795,C,80632,76017,
Ebonyi,Afikpo South,157542,381.738,C,79093,78449,
Ebonyi,Ebonyi,127226,449.465,A,60388,66838,
Ebonyi,Ezza North,146149,308.345,B,70341,75808,
Ebonyi,Ezza South,133625,328.178,B,66373,67252,
Ebonyi,Ikwo,214969,583.957,B,99855,115114,
Ebonyi,Ishielu,152581,883.766,B,72671,79910,
Ebonyi,Ivo,121363,247.491,C,62049,59314,
Ebonyi,Izzi,236679,1083.17,A,112832,123847,
Ebonyi,Ohaozara,148317,315.201,C,75093,73224,
Ebonyi,Ohaukwu,195555,523.88,A,94479,101076,
Ebonyi,Onicha,236609,481.851,C,117832,118777,
Edo,Akoko Edo,261567,1392.13,B,132184,129383,
Edo,Egor,340287,93.836,C,168925,171362,
Edo,Esan Central,105242,342.842,A,53017,52225,
Edo,Esan North East,121989,255.744,A,61647,60342,
Edo,Esan South East,166309,1322.78,A,84587,81722,
Edo,Esan West,127718,508.381,A,65312,62406,
Edo,Etsako Central,94228,669.492,B,47708,46520,
Edo,Etsako East,147335,1150.14,B,72477,74858,
Edo,Etsako West,198975,958.918,B,100986,97989,
Edo,Igueben,70276,384.597,A,35132,35144,
Edo,Ikpoba-Okha,372080,870.709,C,184725,187355,
Edo,Oredo,374515,251.624,C,188895,185620,
Edo,Orhionmwon,183994,2405.15,C,92433,91561,
Edo,Ovia North East,155344,2325.51,C,80433,74911,
Edo,Ovia South West,138072,2832.09,C,72113,65959,
Edo,Owan East,154630,1257.68,B,78890,75740,
Edo,Owan West,99056,741.199,B,50755,48301,
Edo,Uhunmwonde,121749,2056.45,C,63727,58022,
Ekiti,Ado Ekiti,313690,297.852,C,162563,151127,
Ekiti,Aiyekire (Gbonyin),147999,397.367,C,75342,72657,
Ekiti,Efon,87187,235.482,B,43587,43600,
Ekiti,Ekiti East,138340,325.887,C,70022,68318,
Ekiti,Ekiti South West,165087,350.589,C,83416,81671,
Ekiti,Ekiti West,179600,371.319,B,91241,88359,
Ekiti,Emure,94264,305.304,C,47767,46497,
Ekiti,Ido-Osi,160001,235.303,A,81461,78540,
Ekiti,Ijero,221873,396.971,B,112363,109510,
Ekiti,Ikere,148558,266.445,C,69252,79306,
Ekiti,Ikole,170414,1090.64,A,86873,83541,
Ekiti,Ilejemeji,43459,96.508,A,22010,21449,
Ekiti,Irepodun/Ifelodun,131330,361.746,B,66289,65041,
Ekiti,Ise/Orun,113951,438.234,C,57743,56208,
Ekiti,Moba,145408,202.801,A,75747,69661,
Ekiti,Oye,137796,515.445,A,69811,67985,
Enugu,Aninri,136221,367.755,B,66225,69996,
Enugu,Awgu,197292,451.444,B,96132,101160,
Enugu,Enugu East,277119,388.395,A,131214,145905,
Enugu,Enugu North,242140,107.733,A,118895,123245,
Enugu,Enugu South,198032,68.287,A,93758,104274,
Enugu,Ezeagu,170603,640.844,B,84466,86137,
Enugu,Igbo-Etiti,208333,329.879,C,105262,103071,
Enugu,Igbo-Eze North,258829,297.707,C,126069,132760,
Enugu,Igbo-Eze South,147364,160.133,C,72619,74745,
Enugu,Isi-Uzo,148597,889.615,A,72497,76100,
Enugu,Nkanu East,153591,804.629,A,75008,78583,
Enugu,Nkanu West,147385,227.569,A,72706,74679,
Enugu,Nsukka,309448,491.13,C,149418,160030,
Enugu,Oji-River,128741,407.87,B,61719,67022,
Enugu,Udenu,178687,251.849,C,88381,90306,
Enugu,Udi,238305,908.705,B,117914,120391,
Enugu,Uzo-Uwani,127150,866.622,C,63759,63391,
Gombe,Akko,337435,2705.966,A,177515,159920,
Gombe,Balanga,211490,1670.886,B,108494,102996,
Gombe,Billiri,202680,757.449,B,103201,99479,
Gombe,Dukku,207658,3948.886,C,107583,100075,
Gombe,Funakaye,237687,1463.021,C,132054,105633,
Gombe,Gombe,266844,53.434,C,146721,120123,
Gombe,Kaltungo,160392,905.88,B,80177,80215,
Gombe,Kwami,193995,1844.865,C,99778,94217,
Gombe,Nafada (Bajoga),140185,1643.72,C,79009,61176,
Gombe,Shomgom,150948,946.828,B,76450,74498,
Gombe,Yamaltu/Deba,255726,2041.099,A,133246,122480,
Imo,Aboh-Mbaise,194779,186.118,A,98480,96299,
Imo,Ahiazu-Mbaise,170824,114.773,A,86326,84498,
Imo,Ehime-Mbano,130575,170.266,C,65237,65338,
Imo,Ezinihitte,168767,110.323,A,84725,84042,
Imo,Ideato North,156161,192.206,B,78753,77408,
Imo,Ideato South,159654,89.381,B,81125,78529,
Imo,Ihitte/Uboma,119419,104.983,C,60492,58927,
Imo,Ikeduru,149737,180.404,A,75025,74712,
Imo,Isiala Mbano,197921,167.201,C,100835,97086,
Imo,Isu,164328,40.441,B,84299,80029,
Imo,Mbaitoli,237474,205.933,A,118959,118515,
Imo,Ngor-Okpala,157858,566.008,A,78829,79029,
Imo,Njaba,143485,84.768,B,72401,71084,
Imo,Nkwerre,80270,38.447,B,40845,39425,
Imo,Nwangele,127691,63.898,B,65022,62669,
Imo,Obowo,117432,94.161,C,58204,59228,
Imo,Oguta,142340,488.043,B,72549,69791,
Imo,Ohaji/Egbema,182891,897.996,B,92604,90287,
Imo,Okigwe,132701,323.677,C,67660,65041,
Imo,Orlu,142792,132.949,B,69632,73160,
Imo,Orsu,120224,56.408,B,60490,59734,
Imo,Oru East,111743,137.009,B,56148,55595,
Imo,Oru West,115704,94.206,B,59108,56596,
Imo,Owerri North,176334,199.996,A,87094,89240,
Imo,Owerri West,101754,297.127,A,49968,51786,
Imo,Owerri-Municipal,125337,58.477,A,60882,64455,
Imo,Unuimo,99368,87.619,C,50779,48589,
Jigawa,Auyo,132268,536.833,B,67409,64859,
Jigawa,Babura,212955,1042.352,C,106373,106582,
Jigawa,Biriniwa,142015,1476.401,B,73864,68151,
Jigawa,Birnin Kudu,314108,1647.988,A,153997,160111,
Jigawa,Buji,97284,571.509,A,48984,48300,
Jigawa,Dutse,251135,1147.246,A,125773,125362,
Jigawa,Gagarawa,82153,685.787,C,41529,40624,
Jigawa,Garki,150261,1476.301,C,74730,75531,
Jigawa,Gumel,106371,234.703,C,54865,51506,
Jigawa,Guri,113363,1112.239,B,58426,54937,
Jigawa,Gwaram,271368,1986.569,A,137785,133583,
Jigawa,Gwiwa,128730,473.468,C,64760,63970,
Jigawa,Hadejia,104286,34.063,B,54171,50115,
Jigawa,Jahun,229882,1225.131,A,113694,116188,
Jigawa,Kafin Hausa,267284,1443.694,B,135012,132272,
Jigawa,Kaugama,128981,925.701,B,64592,64389,
Jigawa,Kazaure,161161,387.026,C,82513,78648,
Jigawa,Kiri Kasamma,192583,835.604,B,98430,94153,
Jigawa,Kiyawa,172952,1075.51,A,87862,85090,
Jigawa,Maigatari,177057,914.565,C,89722,87335,
Jigawa,Malam Madori,164791,803.523,B,85165,79626,
Jigawa,Miga,127876,613.336,A,63067,64809,
Jigawa,Ringim,192407,1106.048,C,95581,96826,
Jigawa,Roni,77414,338.524,C,39618,37796,
Jigawa,Sule-Tankarkar,134813,1347.58,C,65985,68828,
Jigawa,Taura,131861,683.595,C,66107,65754,
Jigawa,Yankwashi,95643,390.324,C,48062,47581,
Kaduna,Birnin-Gwari,258581,6409.27,B,130919,127662,
Kaduna,Chikun,372272,4800.502,B,187433,184839,
Kaduna,Giwa,292384,2145.579,B,145608,146776,
Kaduna,Igabi,430753,3860.97,B,217414,213339,
Kaduna,Ikara,194723,887.176,A,95598,99125,
Kaduna,Jaba,155973,378.712,C,77415,78558,
Kaduna,Jema'A,278202,1707.113,C,140724,137478,
Kaduna,Kachia,252568,4772.2,C,127624,124944,
Kaduna,Kaduna North,364575,74.92,B,187075,177500,
Kaduna,Kaduna South,402731,61.365,B,204969,197762,
Kaduna,Kagarko,239058,1915.863,C,121041,118017,
Kaduna,Kajuru,109810,2904.298,B,54506,55304,
Kaduna,Kaura,174626,499.102,C,88565,86061,
Kaduna,Kauru,221276,2545.844,C,111119,110157,
Kaduna,Kubau,280704,2598.386,A,141528,139176,
Kaduna,Kudan,138956,415.758,A,71704,67252,
Kaduna,Lere,339740,2230.498,A,170396,169344,
Kaduna,Makarfi,146574,562.39,A,73292,73282,
Kaduna,Sabon-Gari,291358,273.779,A,149111,142247,
Kaduna,Sanga,151485,1289.433,C,76482,75003,
Kaduna,Soba,291173,2317.993,A,145145,146028,
Kaduna,Zangon-Kataf,318991,2748.78,C,161870,157121,
Kaduna,Zaria,406990,311.257,A,210900,196090,
Kano,Ajingi,172610,746.28,C,86605,86005,
Kano,Albasu,187639,415.203,C,94862,92777,
Kano,Bagwai,161533,423.676,B,83511,78022,
Kano,Bebeji,191916,746.777,C,97351,94565,
Kano,Bichi,278309,640.858,B,139346,138963,
Kano,Bunkure,174467,508.183,C,87185,87282,
Kano,Dala,418759,19.926,A,237943,180816,
Kano,Dambatta,210474,767.455,B,105538,104936,
Kano,Dawakin Kudu,225497,401.149,A,116109,109388,
Kano,Dawakin Tofa,246197,501.377,B,126390,119807,
Kano,Doguwa,150645,1527.783,C,77849,72796,
Kano,Fagge,200095,21.657,A,111859,88236,
Kano,Gabasawa,211204,633.516,B,107869,103335,
Kano,Garko,161966,469.212,C,82025,79941,
Kano,Garum Mallam,118622,223.388,A,71515,47107,
Kano,Gaya,207419,640.026,C,105199,102220,
Kano,Gezawa,282328,355.481,A,143380,138948,
Kano,Gwale,357827,19.119,A,219201,138626,
Kano,Gwarzo,183624,410.55,B,94669,88955,
Kano,Kabo,153158,355.932,B,83156,70002,
Kano,Kano Municipal,371243,18.176,A,219636,151607,
Kano,Karaye,144045,499.562,C,71727,72318,
Kano,Kibiya,138618,420.494,C,70942,67676,
Kano,Kiru,267168,966.63,C,140565,126603,
Kano,Kumbotso,294391,164.704,A,166171,128220,
Kano,Kunchi,110170,703.802,B,55221,54949,
Kano,Kura,143094,215.526,A,76921,66173,
Kano,Madobi,137685,285.544,A,71095,66590,
Kano,Makoda,220094,462.918,B,110014,110080,
Kano,Minjibir,219611,435.582,A,108218,111393,
Kano,Nasarawa,596411,35.653,A,323740,272671,
Kano,Rano,148276,542.104,C,75997,72279,
Kano,Rimin Gado,103371,235.389,B,53245,50126,
Kano,Rogo,227607,835.222,C,113104,114503,
Kano,Shanono,139128,728.671,B,68466,70662,
Kano,Sumaila,250379,1300.907,C,125162,125217,
Kano,Takai,202639,622.779,C,100269,102370,
Kano,Tarauni,221844,29.676,A,122069,99775,
Kano,Tofa,98603,210.817,B,49870,48733,
Kano,Tsanyawa,157730,515.281,B,80638,77092,
Kano,Tudun Wada,228658,1252.345,C,113791,114867,
Kano,Ungogo,365737,213.831,A,192372,173365,
Kano,Warawa,131858,376.152,A,66800,65058,
Kano,Wudil,188639,377.559,C,100357,88282,
Katsina,Bakori,149516,707.595,B,72714,76802,
Katsina,Batagarawa,189059,455.203,C,96693,92366,
Katsina,Batsari,207874,1163.661,C,104279,103595,
Katsina,Baure,202941,743.149,A,102127,100814,
Katsina,Bindawa,151002,418.425,A,76925,74077,
Katsina,Charanchi,136989,494.316,C,70040,66949,
Katsina,Dan Musa,113190,828.6,C,58031,55159,
Katsina,Dandume,145323,439.616,B,74222,71101,
Katsina,Danja,125481,521.423,B,63663,61818,
Katsina,Daura,224884,332.931,A,115576,109308,
Katsina,Dutsi,120902,297.875,A,61430,59472,
Katsina,Dutsin-Ma,169829,552.323,C,88202,81627,
Katsina,Faskari,194400,1824.087,B,97963,96437,
Katsina,Funtua,225156,466.815,B,117789,107367,
Katsina,Ingawa,169148,937.43,A,86061,83087,
Katsina,Jibia,167435,1091.871,C,85149,82286,
Katsina,Kafur,209360,1153.613,B,104620,104740,
Katsina,Kaita,182405,975.584,C,93190,89215,
Katsina,Kankara,243259,1527.741,B,121815,121444,
Katsina,Kankia,151395,864.164,A,77061,74334,
Katsina,Katsina,318132,149.633,C,168906,149226,
Katsina,Kurfi,116700,600.935,C,59021,57679,
Katsina,Kusada,98348,409.154,A,50930,47418,
Katsina,Mai'Adua,201800,556.596,A,103107,98693,
Katsina,Malumfashi,182891,703.755,B,92420,90471,
Katsina,Mani,176301,825.642,A,88007,88294,
Katsina,Mashi,171070,954.08,A,84105,86965,
Katsina,Matazu,113814,526.975,B,57587,56227,
Katsina,Musawa,170006,887.587,B,85788,84218,
Katsina,Rimi,154092,475.638,C,77059,77033,
Katsina,Sabuwa,140679,667.548,B,72106,68573,
Katsina,Safana,185207,296.379,C,93410,91797,
Katsina,Sandamu,136944,1487.539,A,68512,68432,
Katsina,Zango,156052,633.332,A,79771,76281,
Kebbi,Aleiro,67078,365.483,B,34368,32710,
Kebbi,Arewa-Dandi,189728,4077.84,A,94825,94903,
Kebbi,Argungu,200248,1354.984,A,99658,100590,
Kebbi,Augie,116368,1242.357,A,58185,58183,
Kebbi,Bagudo,238014,4944.926,A,118733,119281,
Kebbi,Birnin Kebbi,268620,1385.033,B,135426,133194,
Kebbi,Bunza,123547,911.697,B,61309,62238,
Kebbi,Dandi,146211,2077.829,A,72907,73304,
Kebbi,Fakai,119772,2331.834,C,60441,59331,
Kebbi,Gwandu,151077,1064.066,B,74610,76467,
Kebbi,Jega,197757,927.594,B,98936,98821,
Kebbi,Kalgo,84928,1222.11,B,42262,42666,
Kebbi,Koko/Besse,154818,1346.137,B,78419,76399,
Kebbi,Maiyama,173759,1068.041,B,85728,88031,
Kebbi,Ngaski,126102,2714.307,C,62480,63622,
Kebbi,Sakaba,91728,1305.673,C,46194,45534,
Kebbi,Shanga,127142,1699.7,C,63478,63664,
Kebbi,Suru,148474,1403.262,A,72912,75562,
Kebbi,Wasagu/Danko,265271,4171.59,C,131388,133883,
Kebbi,Yauri,100564,1435.282,C,53016,47548,
Kebbi,Zuru,165335,678.22,C,86354,78981,
Kogi,Adavi,217219,730.608,A,108891,108328,
Kogi,Ajaokuta,122432,1384.65,A,62995,59437,
Kogi,Ankpa,266176,1220.258,B,133705,132471,
Kogi,Bassa,139687,1960.875,B,70293,69394,
Kogi,Dekina,260968,2504.755,B,131394,129574,
Kogi,Ibaji,127572,1395.951,B,64423,63149,
Kogi,Idah,79755,36.386,B,40141,39614,
Kogi,Igalamela-Odolu,147048,2207.789,B,74489,72559,
Kogi,Ijumu,118593,1328.284,C,59582,59011,
Kogi,Kabba/Bunu,144579,2757.572,C,72639,71940,
Kogi,Kogi,115100,1527.781,C,58864,56236,
Kogi,Lokoja,196643,3243.323,C,101145,95498,
Kogi,Mopa-Muro,43760,918.393,C,22311,21449,
Kogi,Ofu,191480,1707.407,B,96671,94809,
Kogi,Ogori/Magongo,39807,80.668,A,20051,19756,
Kogi,Okehi,223574,672.582,A,112879,110695,
Kogi,Okene,325623,333.147,A,163935,161688,
Kogi,Olamabolo,158490,1150.101,B,78439,80051,
Kogi,Omala,107968,1698.286,B,54366,53602,
Kogi,Yagba East,147641,1422.371,C,74619,73022,
Kogi,Yagba West,139928,1300.698,C,71071,68857,
Kwara,Asa,124668,1308.316,B,62751,61917,
Kwara,Baruten,206679,9935.467,A,104727,101952,
Kwara,Edu,201642,2596.408,A,104040,97602,
Kwara,Ekiti,54399,488.192,C,27611,26788,
Kwara,Ifelodun,204975,3501.718,C,103650,101325,
Kwara,Ilorin East,207462,495.076,B,104801,102661,
Kwara,Ilorin South,209251,177.607,B,103606,105645,
Kwara,Ilorin West,365221,106.455,B,180387,184834,
Kwara,Irepodun,147594,749.338,C,73554,74040,
Kwara,Isin,59481,644.433,C,30088,29393,
Kwara,Kaiama,124015,7125.225,A,64901,59114,
Kwara,Moro,108715,3337.397,A,54860,53855,
Kwara,Offa,88975,96.971,C,44813,44162,
Kwara,Oke-Ero,56970,445.617,C,28358,28612,
Kwara,Oyun,94454,484.19,C,47890,46564,
Kwara,Pategi,110852,2975.126,A,57746,53106,
Lagos,Agege,461743,11.263,C,238456,223287,
Lagos,Ajeromi-Ifelodun,687316,12.395,C,352273,335043,
Lagos,Alimosho,1319571,186.195,C,665750,653821,
Lagos,Amuwo-Odofin,328975,135.24,C,173742,155233,
Lagos,Apapa,222986,26.798,A,123163,99823,
Lagos,Badagry,237731,442.993,C,119821,117910,
Lagos,Epe,181734,1194.24,B,91925,89809,
Lagos,Eti-Osa,283791,193.46,A,158858,124933,
Lagos,Ibeju/Lekki,117793,457.821,B,60729,57064,
Lagos,Ifako-Ijaye,427737,26.769,C,219109,208628,
Lagos,Ikeja,317614,46.427,C,171782,145832,
Lagos,Ikorodu,527917,396.488,B,268463,259454,
Lagos,Kosofe,682772,81.889,B,358935,323837,
Lagos,Lagos Island,212700,8.707,A,110042,102658,
Lagos,Lagos Mainland,326700,19.572,A,170568,156132,
Lagos,Mushin,631857,17.576,C,326873,304984,
Lagos,Ojo,609173,158.884,C,315401,293772,
Lagos,Oshodi-Isolo,629061,44.999,C,325207,303854,
Lagos,Shomolu,403569,11.615,B,207519,196050,
Lagos,Surulere,502865,23.122,A,260509,242356,
Nasarawa,Akwanga,111902,1021.546,A,56135,55767,
Nasarawa,Awe,113083,2611.464,C,57326,55757,
Nasarawa,Doma,138991,2771.336,C,71395,67596,
Nasarawa,Karu,216230,2707.642,B,109515,106715,
Nasarawa,Keana,81801,1070.503,C,40873,40928,
Nasarawa,Keffi,92550,141.514,B,47527,45023,
Nasarawa,Kokona,108558,1889.651,B,54379,54179,
Nasarawa,Lafia,329922,2821.19,C,165631,164291,
Nasarawa,Nasarawa,187220,5860.505,B,95105,92115,
Nasarawa,Nasarawa-Eggon,148405,1237.42,A,74543,73862,
Nasarawa,Obi,148977,989.433,C,74675,74302,
Nasarawa,Toto,119051,2963.84,B,59884,59167,
Nasarawa,Wamba,72687,1185.453,A,36813,35874,
Niger,Agaie,132098,1948.984,C,66703,65395,
Niger,Agwara,57347,1586.549,B,29293,28054,
Niger,Bida,185553,52.259,C,93741,91812,
Niger,Borgu,172835,11579.768,B,87327,85508,
Niger,Bosso,148136,1636.331,A,75033,73103,
Niger,Chanchaga,202151,74.384,A,105265,96886,
Niger,Edati,159818,1792.426,C,80615,79203,
Niger,Gbako,126845,1797.498,C,63871,62974,
Niger,Gurara,90879,980.103,A,45153,45726,
Niger,Katcha,120893,1723.143,C,60526,60367,
Niger,Kontagora,151968,2146.023,B,77782,74186,
Niger,Lapai,117021,3121.596,C,59974,57047,
Niger,Lavun,209777,2906.926,C,107146,102631,
Niger,Magama,181470,4230.863,B,90740,90730,
Niger,Mariga,199600,5739.556,B,100899,98701,
Niger,Mashegu,215197,9433.487,B,107909,107288,
Niger,Mokwa,242858,4439.503,C,123467,119391,
Niger,Muya,103461,2241.007,A,52584,50877,
Niger,Paikoro,158178,2122.835,A,79399,78779,
Niger,Rafi,186118,3794.492,A,94395,91723,
Niger,Rijau,176199,3308.414,B,88875,87324,
Niger,Shiroro,235665,5171.926,A,118640,117025,
Niger,Suleja,215075,122.085,A,112030,103045,
Niger,Tafa,83874,227.521,A,41524,42350,
Niger,Wushishi,81756,1930.901,B,41459,40297,
Ogun,Abeokuta North,198793,813.997,A,96463,102330,
Ogun,Abeokuta South,250295,71.952,A,119977,130318,
Ogun,Ado-Odo/Ota,527242,881.979,C,261523,265719,
Ogun,Egbado North,183844,2100.22,C,89880,93964,
Ogun,Egbado South,168336,631.844,C,81666,86670,
Ogun,Ewekoro,55093,598.045,A,28212,26881,
Ogun,Ifo,539170,524.383,A,269206,269964,
Ogun,Ijebu East,109321,2254.92,B,56981,52340,
Ogun,Ijebu North,280520,975.886,B,141074,139446,
Ogun,Ijebu North East,68800,119.074,B,34581,34219,
Ogun,Ijebu Ode,157161,193.254,B,76466,80695,
Ogun,Ikenne,119117,144.874,B,60607,58510,
Ogun,Imeko-Afon,82952,1669.5,C,41850,41102,
Ogun,Ipokia,150387,631.884,C,74649,75738,
Ogun,Obafemi-Owode,235071,1420.77,A,118574,116497,
Ogun,Odeda,109522,1574.51,A,55200,54322,
Ogun,Odogbolu,125657,545.223,B,63838,61819,
Ogun,Ogun Waterside,74222,1008.81,B,37412,36810,
Ogun,Remo North,59752,201.048,B,29893,29859,
Ogun,Shagamu,255885,618.367,B,126855,129030,
Ondo,Akoko North East,179092,378.166,A,92456,86636,
Ondo,Akoko North West,211867,520.752,A,107076,104791,
Ondo,Akoko South East,82443,229.035,A,42175,40268,
Ondo,Akoko South West,228383,537.904,A,114733,113650,
Ondo,Akure North,130765,669.045,B,66526,64239,
Ondo,Akure South,360268,335.805,B,178672,181596,
Ondo,Ese-Odo,158256,768.529,C,79812,78444,
Ondo,Idanre,129795,1936.78,B,67531,62264,
Ondo,Ifedore,176372,299.284,B,89574,86798,
Ondo,Ilaje,289838,1328.85,C,146859,142979,
Ondo,Ile-Oluji-Okeigbo,171876,706.477,C,87104,84772,
Ondo,Irele,144136,972.049,C,72861,71275,
Ondo,Odigbo,232287,1836.88,C,116299,115988,
Ondo,Okitipupa,234138,810.723,C,117594,116544,
Ondo,Ondo East,76092,358.183,B,38851,37241,
Ondo,Ondo West,288868,981.393,B,141759,147109,
Ondo,Ose,144139,1484.56,A,73119,71020,
Ondo,Owo,222262,1040.77,A,112056,110206,
Osun,Aiyedade,149569,1125.92,C,76032,73537,
Osun,Aiyedire,76309,265.783,C,38299,38010,
Osun,Atakumosa East,76105,241.225,B,38945,37160,
Osun,Atakumosa West,68350,584.693,B,34859,33491,
Osun,Boluwaduro,70954,145.895,A,36045,34909,
Osun,Boripe,138742,133.913,A,71052,67690,
Osun,Ede North,83818,112.379,C,42282,41536,
Osun,Ede South,75489,221.619,C,38233,37256,
Osun,Egbedore,73969,274.302,C,37302,36667,
Osun,Ejigbo,132515,378.352,C,67437,65078,
Osun,Ife Central,167204,112.372,B,88403,78801,
Osun,Ife East,188614,174.066,B,95106,93508,
Osun,Ife North,153274,899.929,B,76852,76422,
Osun,Ife South,134490,738.609,B,68450,66040,
Osun,Ifedayo,37508,130.324,A,19227,18281,
Osun,Ifelodun,96444,116.158,A,48567,47877,
Osun,Ila,62054,307.639,A,31488,30566,
Osun,Ilesha East,105416,71.558,B,52721,52695,
Osun,Ilesha West,106809,63.713,B,52985,53824,
Osun,Irepodun,119590,65.151,A,60553,59037,
Osun,Irewole,142806,273.973,C,71730,71076,
Osun,Isokan,102060,181.214,C,51304,50756,
Osun,Iwo,191348,217.227,C,96419,94929,
Osun,Obokun,116850,534.605,A,59587,57263,
Osun,Odo-Otin,132078,299.097,A,67956,64122,
Osun,Ola-Oluwa,76227,332.117,C,39233,36994,
Osun,Olorunda,131649,98.131,A,66684,64965,
Osun,Oriade,148379,471.853,B,75213,73166,
Osun,Orolu,102832,80.793,A,52790,50042,
Osun,Osogbo,155507,47.23,A,78395,77112,
Oyo,Afijio,132184,730.8,A,66434,65750,
Oyo,Akinyele,211811,524.298,A,105594,106217,
Oyo,Atiba,168246,1782.98,A,84266,83980,
Oyo,Atigbo,109965,3038.05,B,56747,53218,
Oyo,Egbeda,283643,192.805,A,137527,146116,
Oyo,Ibadan Central [Ibadan North East],331444,18.077,C,163844,167600,
Oyo,Ibadan North,308119,27.562,C,152608,155511,
Oyo,Ibadan North West,154029,26.228,C,75410,78619,
Oyo,Ibadan South East,266457,17.032,C,130334,136123,
Oyo,Ibadan South West,283098,40.751,C,139622,143476,
Oyo,Ibarapa Central,103243,444.016,C,52094,51149,
Oyo,Ibarapa East,117182,846.631,C,59315,57867,
Oyo,Ibarapa North,100293,1229.8,C,51272,49021,
Oyo,Ido,104087,996.825,C,52465,51622,
Oyo,Irepo,121240,1003.2,B,62601,58639,
Oyo,Iseyin,255619,1364.42,B,129268,126351,
Oyo,Itesiwaju,127391,1534.19,B,65820,61571,
Oyo,Iwajowa,102847,2557.18,B,52472,50375,
Oyo,Kajola,200528,616.212,B,101188,99340,
Oyo,Lagelu,148133,342.341,A,74220,73913,
Oyo,Ogbomosho North,198859,187.365,B,103418,95441,
Oyo,Ogbomosho South,100379,69.293,B,50862,49517,
Oyo,Ogo Oluwa,65198,373.868,A,33403,31795,
Oyo,Olorunsogo,81339,1088.58,B,41795,39544,
Oyo,Oluyole,203461,635.045,A,102371,101090,
Oyo,Ona-Ara,265571,292.607,A,130615,134956,
Oyo,Orelope,104004,933.486,B,52996,51008,
Oyo,Ori Ire,149408,2150.4,B,76465,72943,
Oyo,Oyo East,124095,145.812,A,62147,61948,
Oyo,Oyo West,136457,532.677,A,68897,67560,
Oyo,Saki East,108957,864.248,B,56014,52943,
Oyo,Saki West,273268,2043.15,B,138677,134591,
Oyo,Surulere,140339,1595.33,A,71671,68668,
Plateau,Barikin Ladi,179805,1061.5,C,90913,88892,
Plateau,Bassa,189834,1773.92,C,94725,95109,
Plateau,Bokkos,179550,1727.18,B,88560,90990,
Plateau,Jos East,88301,1050.79,C,44980,43321,
Plateau,Jos North,437217,300.526,C,220856,216361,
Plateau,Jos South,311392,525.077,C,157067,154325,
Plateau,Kanam,167619,2671.32,B,81162,86457,
Plateau,Kanke,124268,951.385,B,61376,62892,
Plateau,Langtang North,142316,859.765,A,70203,72113,
Plateau,Langtang South,105173,1214.93,A,53111,52062,
Plateau,Mangu,300520,1698.74,B,148590,151930,
Plateau,Mikang,96388,758.076,A,47584,48804,
Plateau,Pankshin,190114,1564.43,B,95376,94738,
Plateau,Qua'An Pan,197276,2537.16,A,96800,100476,
Plateau,Riyom,131778,830.029,C,66248,65530,
Plateau,Shendam,205119,2535.18,A,101951,103168,
Plateau,Wase,159861,5156.94,A,79496,80365,
Rivers,Abua/Odual,282410,708.635,C,145243,137167,
Rivers,Ahoada East,166324,343.53,C,85467,80857,
Rivers,Ahoada West,249232,406.153,C,127906,121326,
Rivers,Akuku Toru,161103,1451.64,C,82949,78154,
Rivers,Andoni,217924,234.293,B,111946,105978,
Rivers,Asari-Toru,219787,113.357,C,112283,107504,
Rivers,Bonny,214983,645.601,C,116340,98643,
Rivers,Degema,249467,1016.83,C,128041,121426,
Rivers,Eleme,190194,837.216,B,98345,91849,
Rivers,Emohua,201057,139.012,A,102634,98423,
Rivers,Etche,249939,811.524,A,127869,122070,
Rivers,Gokana,233813,126.758,B,118222,115591,
Rivers,Ikwerre,188930,660.468,A,97575,91355,
Rivers,Khana,292924,564.116,B,147315,145609,
Rivers,Obia/Akpor,462350,261.443,A,238951,223399,
Rivers,Ogba/Egbema/Ndoni,283294,977.486,C,145326,137968,
Rivers,Ogu/Bolo,75282,89.278,A,38552,36730,
Rivers,Okrika,222285,223.487,A,113962,108323,
Rivers,Omumma,100388,171.32,C,50853,49535,
Rivers,Opobo/Nkoro,152833,130.949,B,77556,75277,
Rivers,Oyigbo,125331,249.545,B,63434,61897,
Rivers,Port-Harcourt,538558,109.986,A,280703,257855,
Rivers,Tai,120308,159.659,B,61554,58754,
Sokoto,Binji,104274,587.316,B,52949,51325,
Sokoto,Bodinga,174302,591.682,C,87844,86458,
Sokoto,Dange-Shuni,193443,1269.572,C,97709,95734,
Sokoto,Gada,249051,1390.3,A,122232,126819,
Sokoto,Goronyo,182118,1796.305,A,90639,91479,
Sokoto,Gudu,95400,3659.888,B,48125,47275,
Sokoto,Gwadabawa,231569,1045.101,A,116300,115269,
Sokoto,Illela,150133,1316.156,A,74949,75184,
Sokoto,Isa,150268,2273.925,A,73474,76794,
Sokoto,Kebbe,123154,2724.069,C,62338,60816,
Sokoto,Kware,134084,582.963,B,66778,67306,
Sokoto,Rabah,149152,2557.074,A,75001,74151,
Sokoto,Sabon Birni,207470,2486.014,A,99397,108073,
Sokoto,Shagari,156907,1393.624,C,79438,77469,
Sokoto,Silame,104601,829.016,B,53091,51510,
Sokoto,Sokoto North,233012,53.484,B,124134,108878,
Sokoto,Sokoto South,197686,43.179,B,103207,94479,
Sokoto,Tambuwal,225917,1792.946,C,113495,112422,
Sokoto,Tangaza,114770,2610.828,B,55309,59461,
Sokoto,Tureta,68414,2494.141,C,34567,33847,
Sokoto,Wamakko,179246,732.146,B,91466,87780,
Sokoto,Wurno,162403,720.718,A,81854,80549,
Sokoto,Yabo,115302,826.439,C,59417,55885,
Taraba,Ardo-Kola,87784,2312.186,C,44533,43251,
Taraba,Bali,211024,9319.186,B,107979,103045,
Taraba,Donga,133105,3175.728,A,67582,65523,
Taraba,Gashaka,87166,8521.234,B,45587,41579,
Taraba,Gassol,245086,5665.131,B,126856,118230,
Taraba,Ibi,84302,2728.872,A,42654,41648,
Taraba,Jalingo,140318,195.071,C,71997,68321,
Taraba,Karim-Lamido,193924,6784.789,C,98315,95609,
Taraba,Kurmi,91282,4419.176,B,46383,44899,
Taraba,Lau,95190,1700.144,C,48582,46608,
Taraba,Sardauna,224357,4662.045,B,112060,112297,
Taraba,Takum,134576,2542.513,A,68062,66514,
Taraba,Ussa,90889,1517.904,A,46558,44331,
Taraba,Wukari,238283,4391.812,A,124285,113998,
Taraba,Yorro,89865,1303.579,C,45633,44232,
Taraba,Zing,127685,1052.45,C,64759,62926,
Yobe,Bade,139804,809.661,B,73709,66095,
Yobe,Bursari,109692,4003.656,A,56381,53311,
Yobe,Damaturu,87706,2461.408,A,48361,39345,
Yobe,Fika,136736,2293.217,C,69175,67561,
Yobe,Fune,301954,5153.394,C,150896,151058,
Yobe,Geidam,155740,4560.199,A,82482,73258,
Yobe,Gujba,129797,3358.438,A,72310,57487,
Yobe,Gulani,103516,2161.895,A,51686,51830,
Yobe,Jakusko,232458,4125.929,B,120728,111730,
Yobe,Karasuwa,105514,1221.939,B,55385,50129,
Yobe,Machina,60994,1277.134,B,31771,29223,
Yobe,Nangere,87517,1021.259,C,44470,43047,
Yobe,Nguru,150699,964.031,B,80827,69872,
Yobe,Potiskum,204866,581.793,C,105388,99478,
Yobe,Tarmua,77667,4794.714,A,40612,37055,
Yobe,Yunusari,125940,3983.457,A,64918,61022,
Yobe,Yusufari,110739,4137.636,B,55935,54804,
Zamfara,Anka,143637,2864.202,C,72456,71181,
Zamfara,Bakura,187141,1432.245,C,92369,94772,
Zamfara,Birnin Magaji,184083,1244.767,A,90824,93259,
Zamfara,Bukkuyum,216348,3350.013,C,108812,107536,
Zamfara,Bungudu,258644,2396.073,B,128831,129813,
Zamfara,Gummi,206721,2720.043,C,102686,104035,
Zamfara,Gusau,383712,3509.381,B,198682,185030,
Zamfara,Kaura Namoda,285363,909.762,A,145548,139815,
Zamfara,Maradun,207563,2864.499,C,106403,101160,
Zamfara,Maru,293141,6921.864,B,146920,146221,
Zamfara,Shinkafi,135964,709.734,A,66512,69452,
Zamfara,Talata Mafara,215650,1496.569,C,107516,108134,
Zamfara,Tsafe,266929,1772.373,B,129010,137919,
Zamfara,Zurmi,293977,2979.104,A,145054,148923,